-- MySQL dump 10.13  Distrib 8.4.10, for Linux (x86_64)
--
-- Host: mysql-10572510-pduongpdu99-2365.i.aivencloud.com    Database: markus_wiki
-- ------------------------------------------------------
-- Server version	8.0.45

/*!40101 SET @OLD_CHARACTER_SET_CLIENT=@@CHARACTER_SET_CLIENT */;
/*!40101 SET @OLD_CHARACTER_SET_RESULTS=@@CHARACTER_SET_RESULTS */;
/*!40101 SET @OLD_COLLATION_CONNECTION=@@COLLATION_CONNECTION */;
/*!50503 SET NAMES utf8mb4 */;
/*!40103 SET @OLD_TIME_ZONE=@@TIME_ZONE */;
/*!40103 SET TIME_ZONE='+00:00' */;
/*!40014 SET @OLD_UNIQUE_CHECKS=@@UNIQUE_CHECKS, UNIQUE_CHECKS=0 */;
/*!40014 SET @OLD_FOREIGN_KEY_CHECKS=@@FOREIGN_KEY_CHECKS, FOREIGN_KEY_CHECKS=0 */;
/*!40101 SET @OLD_SQL_MODE=@@SQL_MODE, SQL_MODE='NO_AUTO_VALUE_ON_ZERO' */;
/*!40111 SET @OLD_SQL_NOTES=@@SQL_NOTES, SQL_NOTES=0 */;

--
-- Current Database: `markus_wiki`
--

CREATE DATABASE /*!32312 IF NOT EXISTS*/ `markus_wiki` /*!40100 DEFAULT CHARACTER SET utf8mb4 COLLATE utf8mb4_0900_ai_ci */ /*!80016 DEFAULT ENCRYPTION='N' */;

USE `markus_wiki`;

--
-- Table structure for table `article`
--

DROP TABLE IF EXISTS `article`;
/*!40101 SET @saved_cs_client     = @@character_set_client */;
/*!50503 SET character_set_client = utf8mb4 */;
CREATE TABLE `article` (
  `id` int NOT NULL AUTO_INCREMENT,
  `created_at` datetime(3) NOT NULL DEFAULT CURRENT_TIMESTAMP(3),
  `updated_at` datetime(3) DEFAULT NULL,
  `created_by` int DEFAULT NULL,
  `updated_by` int DEFAULT NULL,
  `slug` varchar(191) COLLATE utf8mb4_unicode_ci NOT NULL,
  `title` varchar(191) COLLATE utf8mb4_unicode_ci NOT NULL,
  `title_vi` varchar(191) COLLATE utf8mb4_unicode_ci NOT NULL,
  `description` varchar(500) COLLATE utf8mb4_unicode_ci NOT NULL,
  `description_vi` varchar(500) COLLATE utf8mb4_unicode_ci NOT NULL,
  `content` text COLLATE utf8mb4_unicode_ci NOT NULL,
  `content_vi` text COLLATE utf8mb4_unicode_ci NOT NULL,
  `tags` json NOT NULL,
  `readingTime` double NOT NULL,
  `author` varchar(191) COLLATE utf8mb4_unicode_ci NOT NULL,
  `toc` json NOT NULL,
  `category_id` int NOT NULL,
  `related_article` json NOT NULL,
  `thumbnail` varchar(1024) COLLATE utf8mb4_unicode_ci NOT NULL DEFAULT '',
  `references` json DEFAULT NULL,
  PRIMARY KEY (`id`),
  KEY `article_category_id_fkey` (`category_id`),
  CONSTRAINT `article_category_id_fkey` FOREIGN KEY (`category_id`) REFERENCES `categories` (`id`) ON DELETE RESTRICT ON UPDATE CASCADE
) ENGINE=InnoDB AUTO_INCREMENT=223 DEFAULT CHARSET=utf8mb4 COLLATE=utf8mb4_unicode_ci;
/*!40101 SET character_set_client = @saved_cs_client */;

--
-- Dumping data for table `article`
--

LOCK TABLES `article` WRITE;
/*!40000 ALTER TABLE `article` DISABLE KEYS */;
INSERT INTO `article` VALUES (1,'2026-07-20 09:47:18.789',NULL,NULL,NULL,'what-is-computer-science','What Is Computer Science?','Khoa học máy tính là gì?','An introduction to computer science, its fundamental concepts, and its role in understanding computation and information processing.','Giới thiệu về khoa học máy tính, các khái niệm nền tảng và vai trò của lĩnh vực này trong việc nghiên cứu tính toán và xử lý thông tin.','# What Is Computer Science? A Comprehensive Guide to the Digital Era','# Khoa Học Máy Tính Là Gì? Hướng Dẫn Toàn Diện Cho Người Bắt Đầu','[\"computer-science\", \"foundations\", \"computation\"]',8,'Darian','[\"What Is Computer Science?\", \"The Core Areas of Computer Science\", \"Computer Science and Programming\", \"Why Computer Science Matters\"]',1,'[\"computational-thinking\", \"algorithms-and-complexity\"]','https://images.unsplash.com/photo-1518770660439-4636190af475',NULL),(2,'2026-07-20 09:49:23.538',NULL,NULL,NULL,'von-neumann-architecture','The Von Neumann Architecture','Kiến trúc Von Neumann','Understand the foundational computer architecture that defines how modern computers store and process instructions and data.','Tìm hiểu kiến trúc máy tính nền tảng mô tả cách các máy tính hiện đại lưu trữ và xử lý lệnh cùng dữ liệu.','# Kiến Trúc Von Neumann: Nền Tảng Của Máy Tính Hiện Đại','# Kiến Trúc Von Neumann: Nền Tảng Của Máy Tính Hiện Đại','[\"computer-architecture\", \"von-neumann\", \"computer-science\"]',11,'Darian','[\"What Is the Von Neumann Architecture?\", \"The Central Processing Unit\", \"Memory and Storage\", \"The Instruction Cycle\", \"Limitations of the Architecture\"]',1,'[\"what-is-computer-science\", \"data-information-and-representation\"]','https://images.unsplash.com/photo-1591405351990-4726e331f141',NULL),(3,'2026-07-20 09:49:40.282',NULL,NULL,NULL,'information-theory-and-information','Information Theory and the Meaning of Information','Lý thuyết thông tin và ý nghĩa của thông tin','Explore the mathematical foundations of information, entropy, uncertainty, and efficient communication.','Khám phá nền tảng toán học của thông tin, entropy, sự không chắc chắn và truyền thông tin hiệu quả.','# Information Theory and the Meaning of Information: From Mathematics to Modern Communication','# Lý Thuyết Thông Tin Và Bản Chất Của Thông Tin: Từ Toán Học Đến Truyền Thông Hiện Đại','[\"information-theory\", \"entropy\", \"mathematics\", \"computer-science\"]',14,'Darian','[\"What Is Information?\", \"Uncertainty and Entropy\", \"Information Encoding\", \"Data Compression\", \"Applications of Information Theory\"]',1,'[\"data-information-and-representation\", \"boundaries-of-computation\"]','https://images.unsplash.com/photo-1635070041078-e363dbe005cb',NULL),(4,'2026-07-20 09:49:47.605',NULL,NULL,NULL,'formal-languages-and-automata-theory','Formal Languages and Automata Theory','Ngôn ngữ hình thức và lý thuyết ôtômát','Learn how formal languages and computational machines are used to describe, recognize, and process structured information.','Tìm hiểu cách ngôn ngữ hình thức và các mô hình máy tính được sử dụng để mô tả, nhận dạng và xử lý thông tin có cấu trúc.','...','...','[\"formal-languages\", \"automata\", \"theory\", \"computer-science\"]',16,'Darian','[\"What Are Formal Languages?\", \"Finite Automata\", \"Regular Expressions\", \"Context-Free Grammars\", \"Applications in Computer Science\"]',1,'[\"theoretical-models-of-computation\", \"algorithms-and-complexity\"]','https://images.unsplash.com/photo-1516116216624-53e697fedbea',NULL),(5,'2026-07-20 09:49:58.991',NULL,NULL,NULL,'p-versus-np-problem','The P vs NP Problem','Bài toán P và NP','An introduction to one of the most important open problems in computer science and computational complexity theory.','Giới thiệu một trong những bài toán mở quan trọng nhất trong khoa học máy tính và lý thuyết độ phức tạp tính toán.','...','...','[\"complexity-theory\", \"p-vs-np\", \"algorithms\", \"computer-science\"]',15,'Darian','[\"What Is Computational Complexity?\", \"The Class P\", \"The Class NP\", \"Why P vs NP Matters\", \"The Current State of the Problem\"]',1,'[\"algorithms-and-complexity\", \"boundaries-of-computation\"]','https://images.unsplash.com/photo-1509228468518-180dd4864904',NULL),(6,'2026-07-20 09:50:07.510',NULL,NULL,NULL,'computer-science-as-a-scientific-discipline','Computer Science as a Scientific Discipline','Khoa học máy tính với tư cách là một ngành khoa học','Examine computer science as a scientific discipline and explore how theory, experimentation, abstraction, and engineering shape the field.','Tìm hiểu khoa học máy tính với tư cách là một ngành khoa học và cách lý thuyết, thực nghiệm, trừu tượng hóa và kỹ thuật định hình lĩnh vực này.','...','...','[\"computer-science\", \"science\", \"research\", \"foundations\"]',10,'Darian','[\"Is Computer Science a Science?\", \"Theory and Abstraction\", \"Experimentation and Empirical Research\", \"The Role of Engineering\", \"The Future of Computer Science\"]',1,'[\"what-is-computer-science\", \"theoretical-models-of-computation\", \"boundaries-of-computation\"]','https://images.unsplash.com/photo-1535378917042-10a22c95931a',NULL),(7,'2026-07-20 09:52:03.942',NULL,NULL,NULL,'what-is-artificial-intelligence','What Is Artificial Intelligence?','Trí tuệ nhân tạo là gì?','An introduction to artificial intelligence, its historical foundations, core concepts, and the different ways machines can simulate intelligent behavior.','Giới thiệu về trí tuệ nhân tạo, nền tảng lịch sử, các khái niệm cốt lõi và những cách máy móc có thể mô phỏng hành vi thông minh.','...','...','[\"artificial-intelligence\", \"ai\", \"intelligent-agents\"]',10,'Darian','[\"What Is Artificial Intelligence?\", \"A Brief History of AI\", \"Strong AI and Weak AI\", \"Major Areas of Artificial Intelligence\", \"The Future of AI\"]',2,'[\"intelligent-agents\", \"history-of-artificial-intelligence\"]','https://images.unsplash.com/photo-1677442136019-21780ecad995',NULL),(8,'2026-07-20 09:52:11.730',NULL,NULL,NULL,'history-of-artificial-intelligence','The History of Artificial Intelligence','Lịch sử của trí tuệ nhân tạo','Trace the development of artificial intelligence from early symbolic systems and expert systems to modern intelligent applications.','Khám phá quá trình phát triển của trí tuệ nhân tạo từ các hệ thống ký hiệu và hệ chuyên gia ban đầu đến các ứng dụng thông minh hiện đại.','...','...','[\"artificial-intelligence\", \"ai-history\", \"expert-systems\"]',12,'Darian','[\"The Birth of Artificial Intelligence\", \"Symbolic AI\", \"The Rise of Expert Systems\", \"AI Winters\", \"The Modern AI Era\"]',2,'[\"what-is-artificial-intelligence\", \"symbolic-ai-and-knowledge-representation\"]','https://images.unsplash.com/photo-1485827404703-89b55fcc595e',NULL),(9,'2026-07-20 09:52:18.092',NULL,NULL,NULL,'intelligent-agents-and-environments','Intelligent Agents and Their Environments','Tác tử thông minh và môi trường hoạt động','Understand how intelligent agents perceive their environments, make decisions, and act to achieve specific goals.','Tìm hiểu cách các tác tử thông minh nhận thức môi trường, đưa ra quyết định và hành động để đạt được các mục tiêu cụ thể.','...','...','[\"intelligent-agents\", \"ai\", \"agent-architecture\", \"decision-making\"]',13,'Darian','[\"What Is an Intelligent Agent?\", \"Perception and Action\", \"Types of Environments\", \"Rational Agents\", \"Agent Architectures\"]',2,'[\"what-is-artificial-intelligence\", \"search-algorithms-in-ai\"]','https://images.unsplash.com/photo-1535378917042-10a22c95931a',NULL),(10,'2026-07-20 09:52:24.707',NULL,NULL,NULL,'search-algorithms-in-artificial-intelligence','Search Algorithms in Artificial Intelligence','Các thuật toán tìm kiếm trong trí tuệ nhân tạo','Explore how artificial intelligence uses search algorithms to find solutions in large and complex problem spaces.','Khám phá cách trí tuệ nhân tạo sử dụng các thuật toán tìm kiếm để tìm lời giải trong những không gian bài toán lớn và phức tạp.','...','...','[\"ai\", \"search\", \"problem-solving\", \"algorithms\"]',14,'Darian','[\"Problem-Solving as Search\", \"Breadth-First Search\", \"Depth-First Search\", \"Uniform-Cost Search\", \"Heuristic Search\"]',2,'[\"intelligent-agents-and-environments\", \"heuristic-search-and-a-star\"]','https://images.unsplash.com/photo-1551288049-bebda4e38f71',NULL),(11,'2026-07-20 09:52:29.961',NULL,NULL,NULL,'heuristic-search-and-a-star','Heuristic Search and the A* Algorithm','Tìm kiếm heuristic và thuật toán A*','Learn how heuristic functions improve search efficiency and how the A* algorithm combines actual cost with estimated cost.','Tìm hiểu cách các hàm heuristic cải thiện hiệu quả tìm kiếm và cách thuật toán A* kết hợp chi phí thực tế với chi phí ước tính.','...','...','[\"heuristic-search\", \"a-star\", \"pathfinding\", \"ai\"]',12,'Darian','[\"What Is Heuristic Search?\", \"Heuristic Functions\", \"The A* Evaluation Function\", \"Admissibility and Optimality\", \"Practical Applications\"]',2,'[\"search-algorithms-in-artificial-intelligence\", \"intelligent-agents-and-environments\"]','https://images.unsplash.com/photo-1500534623283-312aade485b7',NULL),(12,'2026-07-20 09:52:35.238',NULL,NULL,NULL,'knowledge-representation-in-artificial-intelligence','Knowledge Representation in Artificial Intelligence','Biểu diễn tri thức trong trí tuệ nhân tạo','Explore how artificial intelligence systems represent facts, concepts, relationships, and knowledge about the world.','Khám phá cách các hệ thống trí tuệ nhân tạo biểu diễn sự kiện, khái niệm, mối quan hệ và tri thức về thế giới.','...','...','[\"knowledge-representation\", \"symbolic-ai\", \"logic\", \"ai\"]',15,'Darian','[\"What Is Knowledge Representation?\", \"Logic-Based Representation\", \"Semantic Networks\", \"Knowledge Graphs\", \"Challenges in Knowledge Representation\"]',2,'[\"symbolic-ai-and-knowledge-representation\", \"expert-systems-and-rule-based-ai\"]','https://images.unsplash.com/photo-1559757175-0eb30cd8c063',NULL),(13,'2026-07-20 09:52:42.469',NULL,NULL,NULL,'symbolic-ai-and-knowledge-based-systems','Symbolic AI and Knowledge-Based Systems','AI ký hiệu và các hệ thống dựa trên tri thức','Understand the principles of symbolic artificial intelligence and how explicit rules and structured knowledge are used to solve problems.','Tìm hiểu các nguyên lý của AI ký hiệu và cách các luật rõ ràng cùng tri thức có cấu trúc được sử dụng để giải quyết vấn đề.','...','...','[\"symbolic-ai\", \"knowledge-based-systems\", \"logic\", \"expert-systems\"]',13,'Darian','[\"What Is Symbolic AI?\", \"Rules and Logic\", \"Knowledge-Based Systems\", \"Advantages and Limitations\", \"Symbolic AI Today\"]',2,'[\"knowledge-representation-in-artificial-intelligence\", \"expert-systems-and-rule-based-ai\"]','https://images.unsplash.com/photo-1516321318423-f06f85e504b3',NULL),(14,'2026-07-20 09:52:48.732',NULL,NULL,NULL,'expert-systems-and-rule-based-ai','Expert Systems and Rule-Based AI','Hệ chuyên gia và AI dựa trên luật','Learn how expert systems use domain knowledge, inference engines, and rules to make decisions and provide recommendations.','Tìm hiểu cách các hệ chuyên gia sử dụng tri thức chuyên môn, engine suy luận và các luật để đưa ra quyết định và khuyến nghị.','...','...','[\"expert-systems\", \"rule-based-ai\", \"inference\", \"artificial-intelligence\"]',11,'Darian','[\"What Is an Expert System?\", \"Knowledge Bases\", \"Inference Engines\", \"Forward and Backward Chaining\", \"Applications and Limitations\"]',2,'[\"symbolic-ai-and-knowledge-based-systems\", \"knowledge-representation-in-artificial-intelligence\"]','https://images.unsplash.com/photo-1556761175-b413da4baf72',NULL),(15,'2026-07-20 09:52:54.823',NULL,NULL,NULL,'natural-language-processing-and-language-understanding','Natural Language Processing: How Machines Understand Language','Xử lý ngôn ngữ tự nhiên: Máy tính hiểu ngôn ngữ như thế nào?','An introduction to natural language processing and the computational techniques used to analyze and understand human language.','Giới thiệu về xử lý ngôn ngữ tự nhiên và các kỹ thuật tính toán được sử dụng để phân tích và hiểu ngôn ngữ của con người.','...','...','[\"nlp\", \"natural-language-processing\", \"language\", \"ai\"]',14,'Darian','[\"What Is Natural Language Processing?\", \"Text Representation\", \"Language Understanding\", \"Common NLP Tasks\", \"The Challenges of Human Language\"]',2,'[\"what-is-artificial-intelligence\", \"knowledge-representation-in-artificial-intelligence\"]','https://images.unsplash.com/photo-1451187580459-43490279c0fa',NULL),(16,'2026-07-20 09:53:01.603',NULL,NULL,NULL,'planning-and-decision-making-in-artificial-intelligence','Planning and Decision Making in Artificial Intelligence','Lập kế hoạch và ra quyết định trong trí tuệ nhân tạo','Explore how AI systems plan sequences of actions and make decisions in environments with goals, constraints, and uncertainty.','Khám phá cách các hệ thống AI lập kế hoạch cho chuỗi hành động và đưa ra quyết định trong môi trường có mục tiêu, ràng buộc và sự không chắc chắn.','...','...','[\"ai-planning\", \"decision-making\", \"intelligent-agents\", \"artificial-intelligence\"]',13,'Darian','[\"Planning as a Search Problem\", \"Goals and Actions\", \"State-Space Planning\", \"Decision Making Under Uncertainty\", \"Applications of AI Planning\"]',2,'[\"intelligent-agents-and-environments\", \"search-algorithms-in-artificial-intelligence\", \"heuristic-search-and-a-star\"]','https://images.unsplash.com/photo-1550751827-4bd374c3f58b',NULL),(17,'2026-07-20 09:53:31.576',NULL,NULL,NULL,'what-is-machine-learning','What Is Machine Learning?','Machine Learning là gì?','An introduction to machine learning, its core concepts, learning paradigms, and relationship with artificial intelligence.','Giới thiệu về Machine Learning, các khái niệm cốt lõi, các phương pháp học và mối quan hệ với trí tuệ nhân tạo.','...','...','[\"machine-learning\", \"ai\", \"data\"]',10,'Darian','[\"What Is Machine Learning?\", \"How Machine Learning Works\", \"Types of Machine Learning\", \"Machine Learning and Artificial Intelligence\", \"The Machine Learning Workflow\"]',3,'[\"supervised-learning\", \"unsupervised-learning\"]','https://images.unsplash.com/photo-1555949963-ff9fe0c870eb',NULL),(18,'2026-07-20 09:53:37.326',NULL,NULL,NULL,'supervised-learning','Supervised Learning','Học có giám sát','Understand how supervised learning algorithms learn patterns from labeled data to make predictions and classifications.','Tìm hiểu cách các thuật toán học có giám sát học các mẫu từ dữ liệu đã được gán nhãn để đưa ra dự đoán và phân loại.','...','...','[\"supervised-learning\", \"classification\", \"regression\"]',12,'Darian','[\"What Is Supervised Learning?\", \"Labeled Data\", \"Classification\", \"Regression\", \"Common Applications\"]',3,'[\"what-is-machine-learning\", \"classification-and-regression\"]','https://images.unsplash.com/photo-1516321318423-f06f85e504b3',NULL),(19,'2026-07-20 09:53:42.428',NULL,NULL,NULL,'unsupervised-learning','Unsupervised Learning','Học không giám sát','Explore how machine learning algorithms discover hidden patterns and structures in data without predefined labels.','Khám phá cách các thuật toán Machine Learning phát hiện các mẫu và cấu trúc ẩn trong dữ liệu mà không cần nhãn được định nghĩa trước.','...','...','[\"unsupervised-learning\", \"clustering\", \"dimensionality-reduction\"]',11,'Darian','[\"What Is Unsupervised Learning?\", \"Clustering\", \"Dimensionality Reduction\", \"Discovering Hidden Patterns\", \"Applications\"]',3,'[\"what-is-machine-learning\", \"k-means-clustering\"]','https://images.unsplash.com/photo-1518186285589-2f7649de83e0',NULL),(20,'2026-07-20 09:53:47.712',NULL,NULL,NULL,'reinforcement-learning','Reinforcement Learning','Học tăng cường','Learn how agents interact with environments and improve their behavior through rewards, penalties, and trial-and-error learning.','Tìm hiểu cách các tác tử tương tác với môi trường và cải thiện hành vi thông qua phần thưởng, hình phạt và quá trình học thử-sai.','...','...','[\"reinforcement-learning\", \"agents\", \"rewards\"]',14,'Darian','[\"What Is Reinforcement Learning?\", \"Agents and Environments\", \"States and Actions\", \"Rewards and Policies\", \"Exploration and Exploitation\"]',3,'[\"what-is-machine-learning\", \"neural-networks-and-deep-learning\"]','https://images.unsplash.com/photo-1535378917042-10a22c95931a',NULL),(21,'2026-07-20 09:53:53.093',NULL,NULL,NULL,'classification-and-regression','Classification and Regression','Phân loại và hồi quy','Understand the two fundamental supervised learning tasks: predicting discrete categories and continuous numerical values.','Tìm hiểu hai bài toán nền tảng của học có giám sát: dự đoán các nhóm rời rạc và các giá trị số liên tục.','...','...','[\"classification\", \"regression\", \"supervised-learning\"]',10,'Darian','[\"Classification Problems\", \"Regression Problems\", \"Choosing the Right Task\", \"Common Algorithms\", \"Evaluating Predictions\"]',3,'[\"supervised-learning\", \"model-evaluation-and-validation\"]','https://images.unsplash.com/photo-1551288049-bebda4e38f71',NULL),(22,'2026-07-20 09:53:58.177',NULL,NULL,NULL,'linear-regression-from-first-principles','Linear Regression from First Principles','Linear Regression từ những nguyên lý cơ bản','Explore the mathematical intuition behind linear regression and how models learn relationships between variables.','Khám phá trực giác toán học phía sau Linear Regression và cách mô hình học mối quan hệ giữa các biến.','...','...','[\"linear-regression\", \"statistics\", \"supervised-learning\"]',13,'Darian','[\"The Linear Regression Problem\", \"The Linear Model\", \"Loss Functions\", \"Least Squares\", \"Model Interpretation\"]',3,'[\"classification-and-regression\", \"gradient-descent\"]','https://images.unsplash.com/photo-1635070041078-e363dbe005cb',NULL),(23,'2026-07-20 09:54:04.085',NULL,NULL,NULL,'logistic-regression-for-classification','Logistic Regression for Classification','Logistic Regression cho bài toán phân loại','Learn how logistic regression transforms linear combinations of features into probabilities for classification tasks.','Tìm hiểu cách Logistic Regression chuyển đổi tổ hợp tuyến tính của các đặc trưng thành xác suất cho các bài toán phân loại.','...','...','[\"logistic-regression\", \"classification\", \"probability\"]',11,'Darian','[\"From Regression to Classification\", \"The Sigmoid Function\", \"Probability Prediction\", \"Decision Boundaries\", \"Model Evaluation\"]',3,'[\"classification-and-regression\", \"gradient-descent\"]','https://images.unsplash.com/photo-1543286386-713bdd548da4',NULL),(24,'2026-07-20 09:54:09.075',NULL,NULL,NULL,'decision-trees-and-random-forests','Decision Trees and Random Forests','Decision Tree và Random Forest','Understand how tree-based models make decisions and how ensembles improve prediction performance through multiple decision trees.','Tìm hiểu cách các mô hình dựa trên cây đưa ra quyết định và cách ensemble cải thiện hiệu suất dự đoán thông qua nhiều cây quyết định.','...','...','[\"decision-trees\", \"random-forests\", \"ensemble-learning\"]',13,'Darian','[\"What Is a Decision Tree?\", \"Splitting Data\", \"Overfitting in Trees\", \"Random Forests\", \"Feature Importance\"]',3,'[\"supervised-learning\", \"model-evaluation-and-validation\"]','https://images.unsplash.com/photo-1559757175-0eb30cd8c063',NULL),(25,'2026-07-20 09:54:14.046',NULL,NULL,NULL,'k-means-clustering','K-Means Clustering','Thuật toán K-Means Clustering','Explore one of the most popular unsupervised learning algorithms for grouping data points into meaningful clusters.','Khám phá một trong những thuật toán học không giám sát phổ biến nhất để nhóm các điểm dữ liệu thành các cụm có ý nghĩa.','...','...','[\"k-means\", \"clustering\", \"unsupervised-learning\"]',12,'Darian','[\"What Is Clustering?\", \"The K-Means Algorithm\", \"Centroids and Distance\", \"Choosing K\", \"The Elbow Method\"]',3,'[\"unsupervised-learning\", \"dimensionality-reduction\"]','https://images.unsplash.com/photo-1518186285589-2f7649de83e0',NULL),(26,'2026-07-20 09:54:18.832',NULL,NULL,NULL,'dimensionality-reduction','Dimensionality Reduction','Giảm chiều dữ liệu','Understand why high-dimensional data can be difficult to process and how dimensionality reduction techniques simplify complex datasets.','Tìm hiểu tại sao dữ liệu nhiều chiều có thể khó xử lý và cách các kỹ thuật giảm chiều đơn giản hóa các tập dữ liệu phức tạp.','...','...','[\"dimensionality-reduction\", \"pca\", \"unsupervised-learning\"]',13,'Darian','[\"The Curse of Dimensionality\", \"Why Reduce Dimensions?\", \"Principal Component Analysis\", \"Feature Projection\", \"Applications\"]',3,'[\"unsupervised-learning\", \"k-means-clustering\"]','https://images.unsplash.com/photo-1509228468518-180dd4864904',NULL),(27,'2026-07-20 09:54:24.012',NULL,NULL,NULL,'gradient-descent','Gradient Descent','Gradient Descent','Learn how gradient descent optimizes machine learning models by iteratively minimizing the error between predictions and actual outcomes.','Tìm hiểu cách Gradient Descent tối ưu hóa các mô hình Machine Learning bằng cách lặp lại quá trình giảm sai số giữa dự đoán và kết quả thực tế.','...','...','[\"gradient-descent\", \"optimization\", \"machine-learning\"]',14,'Darian','[\"The Optimization Problem\", \"Loss Functions\", \"The Gradient\", \"Learning Rate\", \"Batch and Stochastic Gradient Descent\"]',3,'[\"linear-regression-from-first-principles\", \"neural-networks-and-deep-learning\"]','https://images.unsplash.com/photo-1635070041078-e363dbe005cb',NULL),(28,'2026-07-20 09:54:28.948',NULL,NULL,NULL,'neural-networks-and-deep-learning','Neural Networks and Deep Learning','Neural Network và Deep Learning','An introduction to artificial neural networks, layers, activation functions, and the foundations of deep learning.','Giới thiệu về mạng neural nhân tạo, các layer, hàm activation và nền tảng của Deep Learning.','...','...','[\"neural-networks\", \"deep-learning\", \"backpropagation\"]',15,'Darian','[\"What Is a Neural Network?\", \"Neurons and Layers\", \"Activation Functions\", \"Forward Propagation\", \"The Foundations of Deep Learning\"]',3,'[\"gradient-descent\", \"backpropagation\"]','https://images.unsplash.com/photo-1555255707-c07966088b7b',NULL),(29,'2026-07-20 09:54:33.549',NULL,NULL,NULL,'backpropagation-and-neural-network-training','Backpropagation and Neural Network Training','Backpropagation và quá trình huấn luyện mạng neural','Understand how backpropagation calculates errors and updates neural network parameters during the training process.','Tìm hiểu cách Backpropagation tính toán sai số và cập nhật các tham số của mạng neural trong quá trình huấn luyện.','...','...','[\"backpropagation\", \"neural-networks\", \"deep-learning\"]',16,'Darian','[\"The Neural Network Training Problem\", \"Forward Propagation\", \"Calculating the Error\", \"Backpropagation\", \"Updating Weights\"]',3,'[\"neural-networks-and-deep-learning\", \"gradient-descent\"]','https://images.unsplash.com/photo-1516116216624-53e697fedbea',NULL),(30,'2026-07-20 09:54:39.041',NULL,NULL,NULL,'overfitting-and-underfitting','Overfitting and Underfitting','Overfitting và Underfitting','Learn how models can become too simple or too complex and how to achieve a balance between underfitting and overfitting.','Tìm hiểu cách các mô hình có thể quá đơn giản hoặc quá phức tạp và cách cân bằng giữa Underfitting và Overfitting.','...','...','[\"overfitting\", \"underfitting\", \"generalization\"]',11,'Darian','[\"What Is Overfitting?\", \"What Is Underfitting?\", \"Generalization\", \"Regularization\", \"Balancing Model Complexity\"]',3,'[\"model-evaluation-and-validation\", \"supervised-learning\"]','https://images.unsplash.com/photo-1551288049-bebda4e38f71',NULL),(31,'2026-07-20 09:54:47.477',NULL,NULL,NULL,'model-evaluation-and-validation','Model Evaluation and Validation','Đánh giá và validation mô hình','Explore the methods used to measure machine learning model performance and estimate how well models generalize to unseen data.','Khám phá các phương pháp được sử dụng để đo lường hiệu suất mô hình Machine Learning và đánh giá khả năng tổng quát hóa trên dữ liệu chưa từng thấy.','...','...','[\"model-evaluation\", \"validation\", \"metrics\"]',14,'Darian','[\"Why Model Evaluation Matters\", \"Training and Test Sets\", \"Cross-Validation\", \"Accuracy and Precision\", \"Recall and F1 Score\"]',3,'[\"supervised-learning\", \"overfitting-and-underfitting\"]','https://images.unsplash.com/photo-1543286386-713bdd548da4',NULL),(32,'2026-07-20 09:54:50.529',NULL,NULL,NULL,'model-evaluation-and-validation','Model Evaluation and Validation','Đánh giá và validation mô hình','Explore the methods used to measure machine learning model performance and estimate how well models generalize to unseen data.','Khám phá các phương pháp được sử dụng để đo lường hiệu suất mô hình Machine Learning và đánh giá khả năng tổng quát hóa trên dữ liệu chưa từng thấy.','...','...','[\"model-evaluation\", \"validation\", \"metrics\"]',14,'Darian','[\"Why Model Evaluation Matters\", \"Training and Test Sets\", \"Cross-Validation\", \"Accuracy and Precision\", \"Recall and F1 Score\"]',3,'[\"supervised-learning\", \"overfitting-and-underfitting\"]','https://images.unsplash.com/photo-1543286386-713bdd548da4',NULL),(33,'2026-07-20 09:54:56.380',NULL,NULL,NULL,'the-machine-learning-pipeline','The Machine Learning Pipeline','Quy trình Machine Learning','Understand the complete machine learning workflow from data collection and preprocessing to model training, evaluation, and deployment.','Tìm hiểu toàn bộ quy trình Machine Learning từ thu thập và tiền xử lý dữ liệu đến huấn luyện, đánh giá và triển khai mô hình.','...','...','[\"machine-learning\", \"data-pipeline\", \"model-training\", \"deployment\"]',15,'Darian','[\"Problem Definition\", \"Data Collection\", \"Data Preprocessing\", \"Feature Engineering\", \"Model Training\", \"Evaluation and Deployment\"]',3,'[\"what-is-machine-learning\", \"model-evaluation-and-validation\", \"overfitting-and-underfitting\"]','https://images.unsplash.com/photo-1551288049-bebda4e38f71',NULL),(34,'2026-07-20 09:56:27.721',NULL,NULL,NULL,'what-is-software-engineering','What Is Software Engineering?','Kỹ nghệ phần mềm là gì?','An introduction to software engineering, its principles, processes, practices, and role in building reliable software systems.','Giới thiệu về kỹ nghệ phần mềm, các nguyên lý, quy trình, thực hành và vai trò trong việc xây dựng các hệ thống phần mềm đáng tin cậy.','...','...','[\"software-engineering\", \"software-development\", \"engineering\"]',10,'Darian','[\"What Is Software Engineering?\", \"Software Engineering vs Programming\", \"Core Engineering Principles\", \"Software Development Activities\", \"Why Software Engineering Matters\"]',4,'[\"software-development-life-cycle\", \"software-engineering-principles\"]','https://images.unsplash.com/photo-1515879218367-8466d910aaa4',NULL),(35,'2026-07-20 09:56:33.959',NULL,NULL,NULL,'software-development-life-cycle','The Software Development Life Cycle','Vòng đời phát triển phần mềm','Explore the major stages of software development, from requirements analysis and design to implementation, testing, deployment, and maintenance.','Khám phá các giai đoạn chính của quá trình phát triển phần mềm, từ phân tích yêu cầu và thiết kế đến triển khai, kiểm thử và bảo trì.','...','...','[\"sdlc\", \"software-development\", \"process\"]',12,'Darian','[\"Requirements\", \"Design\", \"Implementation\", \"Testing\", \"Deployment\", \"Maintenance\"]',4,'[\"agile-software-development\", \"software-requirements-engineering\"]','https://images.unsplash.com/photo-1553877522-43269d4ea984',NULL),(36,'2026-07-20 09:56:39.319',NULL,NULL,NULL,'software-engineering-principles','Software Engineering Principles','Các nguyên lý trong kỹ nghệ phần mềm','Learn the fundamental principles that help engineers build software that is maintainable, reliable, scalable, and understandable.','Tìm hiểu các nguyên lý nền tảng giúp kỹ sư xây dựng phần mềm dễ bảo trì, đáng tin cậy, có khả năng mở rộng và dễ hiểu.','...','...','[\"software-engineering\", \"principles\", \"maintainability\"]',13,'Darian','[\"Simplicity\", \"Separation of Concerns\", \"Modularity\", \"Abstraction\", \"Maintainability\"]',4,'[\"solid-principles\", \"clean-code\"]','https://images.unsplash.com/photo-1498050108023-c5249f4df085',NULL),(37,'2026-07-20 09:56:46.270',NULL,NULL,NULL,'agile-software-development','Agile Software Development','Phát triển phần mềm Agile','Understand the principles, values, and practices behind Agile software development and iterative delivery.','Tìm hiểu các nguyên tắc, giá trị và thực hành đằng sau phương pháp phát triển phần mềm Agile và việc phân phối sản phẩm theo từng vòng lặp.','...','...','[\"agile\", \"software-development\", \"scrum\"]',12,'Darian','[\"What Is Agile?\", \"Agile Values\", \"Iterative Development\", \"Scrum\", \"Continuous Feedback\"]',4,'[\"software-development-life-cycle\", \"software-requirements-engineering\"]','https://images.unsplash.com/photo-1556761175-b413da4baf72',NULL),(38,'2026-07-20 09:56:56.828',NULL,NULL,NULL,'software-requirements-engineering','Software Requirements Engineering','Kỹ nghệ yêu cầu phần mềm','Learn how software requirements are discovered, analyzed, documented, validated, and managed throughout a project.','Tìm hiểu cách yêu cầu phần mềm được thu thập, phân tích, tài liệu hóa, xác thực và quản lý trong suốt dự án.','...','...','[\"requirements\", \"software-engineering\", \"analysis\"]',14,'Darian','[\"What Are Software Requirements?\", \"Functional Requirements\", \"Non-Functional Requirements\", \"Requirements Validation\", \"Requirements Management\"]',4,'[\"software-development-life-cycle\", \"agile-software-development\"]','https://images.unsplash.com/photo-1454165804606-c3d57bc86b40',NULL),(39,'2026-07-20 09:57:01.520',NULL,NULL,NULL,'solid-principles','SOLID Principles','Các nguyên lý SOLID','A practical introduction to the five SOLID principles and how they improve object-oriented software design.','Giới thiệu thực tế về năm nguyên lý SOLID và cách chúng cải thiện thiết kế phần mềm hướng đối tượng.','...','...','[\"solid\", \"oop\", \"software-design\"]',16,'Darian','[\"Single Responsibility Principle\", \"Open-Closed Principle\", \"Liskov Substitution Principle\", \"Interface Segregation Principle\", \"Dependency Inversion Principle\"]',4,'[\"software-engineering-principles\", \"clean-code\"]','https://images.unsplash.com/photo-1555066931-4365d14bab8c',NULL),(40,'2026-07-20 09:57:08.242',NULL,NULL,NULL,'clean-code','Clean Code','Clean Code: Mã nguồn sạch','Explore practical principles for writing readable, understandable, maintainable, and expressive source code.','Khám phá các nguyên tắc thực tế để viết mã nguồn dễ đọc, dễ hiểu, dễ bảo trì và thể hiện rõ ý định.','...','...','[\"clean-code\", \"readability\", \"maintainability\"]',14,'Darian','[\"Meaningful Names\", \"Small Functions\", \"Comments\", \"Error Handling\", \"Code Smells\"]',4,'[\"solid-principles\", \"refactoring\"]','https://images.unsplash.com/photo-1516116216624-53e697fedbea',NULL),(41,'2026-07-20 09:57:12.992',NULL,NULL,NULL,'refactoring-legacy-code','Refactoring Legacy Code','Refactoring mã nguồn legacy','Learn how to improve the internal structure of existing software without changing its external behavior.','Tìm hiểu cách cải thiện cấu trúc bên trong của phần mềm hiện có mà không thay đổi hành vi bên ngoài của hệ thống.','...','...','[\"refactoring\", \"legacy-code\", \"software-maintenance\"]',15,'Darian','[\"What Is Refactoring?\", \"Recognizing Code Smells\", \"Safe Refactoring\", \"Refactoring Strategies\", \"Managing Legacy Systems\"]',4,'[\"clean-code\", \"software-testing-strategies\"]','https://images.unsplash.com/photo-1556075798-4825dfaaf498',NULL),(42,'2026-07-20 09:57:16.689',NULL,NULL,NULL,'object-oriented-design','Object-Oriented Design','Thiết kế hướng đối tượng','Understand the core concepts and design principles behind object-oriented software systems.','Tìm hiểu các khái niệm cốt lõi và nguyên tắc thiết kế phía sau các hệ thống phần mềm hướng đối tượng.','...','...','[\"oop\", \"object-oriented-design\", \"software-design\"]',14,'Darian','[\"Objects and Classes\", \"Encapsulation\", \"Inheritance\", \"Polymorphism\", \"Composition\"]',4,'[\"solid-principles\", \"design-patterns\"]','https://images.unsplash.com/photo-1518770660439-4636190af475',NULL),(43,'2026-07-20 09:57:21.639',NULL,NULL,NULL,'design-patterns-in-software-engineering','Design Patterns in Software Engineering','Design Pattern trong kỹ nghệ phần mềm','Explore reusable solutions to common software design problems through classic object-oriented design patterns.','Khám phá các giải pháp có thể tái sử dụng cho những vấn đề thiết kế phần mềm phổ biến thông qua các design pattern kinh điển.','...','...','[\"design-patterns\", \"software-design\", \"architecture\"]',16,'Darian','[\"Why Design Patterns Matter\", \"Creational Patterns\", \"Structural Patterns\", \"Behavioral Patterns\", \"Using Patterns Wisely\"]',4,'[\"object-oriented-design\", \"solid-principles\"]','https://images.unsplash.com/photo-1517694712202-14dd9538aa97',NULL),(44,'2026-07-20 09:57:26.585',NULL,NULL,NULL,'clean-architecture','Clean Architecture','Clean Architecture','Understand how Clean Architecture separates business rules from implementation details to create flexible and maintainable systems.','Tìm hiểu cách Clean Architecture tách biệt các quy tắc nghiệp vụ khỏi chi tiết triển khai để xây dựng hệ thống linh hoạt và dễ bảo trì.','...','...','[\"clean-architecture\", \"software-architecture\", \"design\"]',17,'Darian','[\"The Dependency Rule\", \"Entities\", \"Use Cases\", \"Interface Adapters\", \"Frameworks and Drivers\"]',4,'[\"software-architecture-principles\", \"solid-principles\"]','https://images.unsplash.com/photo-1558494949-ef010cbdcc31',NULL),(45,'2026-07-20 09:57:31.106',NULL,NULL,NULL,'layered-architecture','Layered Architecture','Kiến trúc phân tầng','Explore the layered architecture pattern and how software systems can be organized into distinct responsibilities.','Khám phá mô hình kiến trúc phân tầng và cách các hệ thống phần mềm có thể được tổ chức thành các trách nhiệm riêng biệt.','...','...','[\"layered-architecture\", \"software-architecture\", \"design\"]',12,'Darian','[\"Presentation Layer\", \"Application Layer\", \"Domain Layer\", \"Infrastructure Layer\", \"Advantages and Tradeoffs\"]',4,'[\"clean-architecture\", \"software-architecture-principles\"]','https://images.unsplash.com/photo-1558494949-ef010cbdcc31',NULL),(46,'2026-07-20 09:57:35.368',NULL,NULL,NULL,'software-architecture-principles','Software Architecture Principles','Các nguyên tắc kiến trúc phần mềm','Learn the fundamental principles that guide the design of robust, flexible, scalable, and maintainable software architectures.','Tìm hiểu các nguyên tắc nền tảng định hướng việc thiết kế các kiến trúc phần mềm mạnh mẽ, linh hoạt, có khả năng mở rộng và dễ bảo trì.','...','...','[\"software-architecture\", \"design\", \"scalability\"]',15,'Darian','[\"Separation of Concerns\", \"Dependency Management\", \"Modularity\", \"Coupling and Cohesion\", \"Architectural Tradeoffs\"]',4,'[\"clean-architecture\", \"layered-architecture\"]','https://images.unsplash.com/photo-1518770660439-4636190af475',NULL),(47,'2026-07-20 09:57:40.733',NULL,NULL,NULL,'unit-testing','Unit Testing','Unit Testing','Understand how unit tests verify small units of software and help developers build reliable and maintainable systems.','Tìm hiểu cách unit test xác minh các đơn vị nhỏ của phần mềm và giúp developer xây dựng hệ thống đáng tin cậy, dễ bảo trì.','...','...','[\"unit-testing\", \"testing\", \"quality\"]',11,'Darian','[\"What Is Unit Testing?\", \"Test Isolation\", \"Test Doubles\", \"Arrange Act Assert\", \"Writing Maintainable Tests\"]',4,'[\"software-testing-strategies\", \"test-driven-development\"]','https://images.unsplash.com/photo-1516321318423-f06f85e504b3',NULL),(48,'2026-07-20 09:57:45.788',NULL,NULL,NULL,'software-testing-strategies','Software Testing Strategies','Các chiến lược kiểm thử phần mềm','Explore different levels and types of software testing used to verify functionality, reliability, performance, and system behavior.','Khám phá các cấp độ và loại kiểm thử phần mềm được sử dụng để xác minh chức năng, độ tin cậy, hiệu suất và hành vi của hệ thống.','...','...','[\"software-testing\", \"integration-testing\", \"e2e-testing\"]',14,'Darian','[\"Unit Testing\", \"Integration Testing\", \"End-to-End Testing\", \"Performance Testing\", \"Test Strategy\"]',4,'[\"unit-testing\", \"test-driven-development\"]','https://images.unsplash.com/photo-1516321165247-4aa89a48be28',NULL),(49,'2026-07-20 09:57:51.407',NULL,NULL,NULL,'test-driven-development','Test-Driven Development','Phát triển hướng kiểm thử','Learn how Test-Driven Development uses short feedback cycles of writing tests, implementing code, and refactoring.','Tìm hiểu cách Test-Driven Development sử dụng các vòng lặp phản hồi ngắn gồm viết test, triển khai code và refactoring.','...','...','[\"tdd\", \"testing\", \"software-development\"]',13,'Darian','[\"The Red-Green-Refactor Cycle\", \"Writing the First Test\", \"Minimal Implementation\", \"Refactoring\", \"Benefits and Limitations\"]',4,'[\"unit-testing\", \"clean-code\"]','https://images.unsplash.com/photo-1555066931-4365d14bab8c',NULL),(50,'2026-07-20 09:57:57.381',NULL,NULL,NULL,'version-control-with-git','Version Control with Git','Quản lý phiên bản với Git','Understand how version control systems help developers track changes, collaborate, manage branches, and maintain software history.','Tìm hiểu cách các hệ thống quản lý phiên bản giúp developer theo dõi thay đổi, cộng tác, quản lý branch và duy trì lịch sử phần mềm.','...','...','[\"git\", \"version-control\", \"collaboration\"]',12,'Darian','[\"What Is Version Control?\", \"Commits\", \"Branches\", \"Merging\", \"Collaborative Workflows\"]',4,'[\"software-development-life-cycle\", \"agile-software-development\"]','https://images.unsplash.com/photo-1556075798-4825dfaaf498',NULL),(51,'2026-07-20 09:58:02.945',NULL,NULL,NULL,'continuous-integration-and-continuous-delivery','Continuous Integration and Continuous Delivery','Continuous Integration và Continuous Delivery','Explore how CI/CD automation improves software delivery by continuously building, testing, and deploying applications.','Khám phá cách tự động hóa CI/CD cải thiện quá trình phân phối phần mềm thông qua việc liên tục build, test và deploy ứng dụng.','...','...','[\"ci-cd\", \"devops\", \"automation\"]',14,'Darian','[\"What Is Continuous Integration?\", \"Automated Testing\", \"Continuous Delivery\", \"Deployment Pipelines\", \"Benefits of CI/CD\"]',4,'[\"software-development-life-cycle\", \"version-control-with-git\"]','https://images.unsplash.com/photo-1551288049-bebda4e38f71',NULL),(52,'2026-07-20 09:58:07.483',NULL,NULL,NULL,'technical-debt','Technical Debt','Technical Debt: Nợ kỹ thuật','Understand how shortcuts and imperfect technical decisions accumulate as technical debt and affect the long-term health of software systems.','Tìm hiểu cách các shortcut và quyết định kỹ thuật chưa tối ưu tích lũy thành technical debt và ảnh hưởng đến sức khỏe lâu dài của hệ thống phần mềm.','...','...','[\"technical-debt\", \"software-maintenance\", \"engineering\"]',12,'Darian','[\"What Is Technical Debt?\", \"Sources of Technical Debt\", \"The Cost of Debt\", \"Managing Technical Debt\", \"When Technical Debt Is Acceptable\"]',4,'[\"refactoring-legacy-code\", \"software-engineering-principles\"]','https://images.unsplash.com/photo-1497366811353-6870744d04b2',NULL),(53,'2026-07-20 09:58:12.092',NULL,NULL,NULL,'software-maintainability','Software Maintainability','Khả năng bảo trì phần mềm','Explore the factors that make software easy or difficult to understand, modify, test, and evolve over time.','Khám phá các yếu tố khiến phần mềm dễ hoặc khó hiểu, sửa đổi, kiểm thử và phát triển theo thời gian.','...','...','[\"maintainability\", \"software-quality\", \"clean-code\"]',13,'Darian','[\"What Is Maintainability?\", \"Code Quality\", \"Coupling and Cohesion\", \"Documentation\", \"Designing for Change\"]',4,'[\"clean-code\", \"technical-debt\", \"refactoring-legacy-code\"]','https://images.unsplash.com/photo-1498050108023-c5249f4df085',NULL),(54,'2026-07-20 10:02:58.008',NULL,NULL,NULL,'how-programming-languages-work','How Programming Languages Work','Ngôn ngữ lập trình hoạt động như thế nào?','Understand how programming languages allow developers to express computational logic and how source code is transformed into executable instructions.','Tìm hiểu cách ngôn ngữ lập trình cho phép developer biểu đạt logic tính toán và cách mã nguồn được chuyển đổi thành các chỉ thị có thể thực thi.','...','...','[\"programming\", \"programming-languages\", \"compilers\"]',12,'Darian','[\"What Is a Programming Language?\", \"Source Code and Machine Code\", \"Compilers and Interpreters\", \"Runtime Environments\", \"Programming Language Abstractions\"]',6,'[\"compilers-and-interpreters\", \"programming-language-paradigms\"]','https://images.unsplash.com/photo-1515879218367-8466d910aaa4',NULL),(55,'2026-07-20 10:02:58.524',NULL,NULL,NULL,'compilers-and-interpreters','Compilers and Interpreters','Compiler và Interpreter','Explore the differences between compilers and interpreters and understand how programming languages are executed.','Khám phá sự khác biệt giữa compiler và interpreter, đồng thời tìm hiểu cách các ngôn ngữ lập trình được thực thi.','...','...','[\"compiler\", \"interpreter\", \"runtime\", \"programming\"]',14,'Darian','[\"What Is a Compiler?\", \"What Is an Interpreter?\", \"Compilation Pipeline\", \"Runtime Execution\", \"Modern Hybrid Approaches\"]',6,'[\"how-programming-languages-work\", \"programming-language-paradigms\"]','https://images.unsplash.com/photo-1555066931-4365d14bab8c',NULL),(56,'2026-07-20 10:02:59.000',NULL,NULL,NULL,'programming-language-paradigms','Programming Language Paradigms','Các mô hình lập trình','Understand the major programming paradigms, including imperative, object-oriented, functional, and declarative programming.','Tìm hiểu các mô hình lập trình chính, bao gồm lập trình mệnh lệnh, hướng đối tượng, hàm và khai báo.','...','...','[\"programming\", \"programming-paradigms\", \"functional-programming\", \"oop\"]',15,'Darian','[\"What Is a Programming Paradigm?\", \"Imperative Programming\", \"Object-Oriented Programming\", \"Functional Programming\", \"Declarative Programming\"]',6,'[\"how-programming-languages-work\", \"object-oriented-design\"]','https://images.unsplash.com/photo-1516116216624-53e697fedbea',NULL),(57,'2026-07-20 10:02:59.532',NULL,NULL,NULL,'typescript-static-typing-for-javascript','TypeScript: Static Typing for JavaScript','TypeScript: Static Typing cho JavaScript','Explore how TypeScript adds static typing, modern language features, and improved tooling to JavaScript development.','Khám phá cách TypeScript bổ sung static typing, các tính năng ngôn ngữ hiện đại và tooling tốt hơn cho quá trình phát triển JavaScript.','...','...','[\"typescript\", \"javascript\", \"static-typing\", \"programming\"]',13,'Darian','[\"Why TypeScript Exists\", \"Static and Dynamic Typing\", \"Type Inference\", \"Interfaces and Generics\", \"The TypeScript Compilation Process\"]',6,'[\"how-programming-languages-work\", \"compilers-and-interpreters\"]','https://images.unsplash.com/photo-1516321318423-f06f85e504b3',NULL),(58,'2026-07-20 10:03:00.352',NULL,NULL,NULL,'memory-management-and-runtime-systems','Memory Management and Runtime Systems','Quản lý bộ nhớ và hệ thống Runtime','Understand how programming languages manage memory through stacks, heaps, garbage collection, and runtime systems.','Tìm hiểu cách các ngôn ngữ lập trình quản lý bộ nhớ thông qua stack, heap, garbage collection và các hệ thống runtime.','...','...','[\"memory-management\", \"runtime\", \"garbage-collection\", \"programming\"]',16,'Darian','[\"Memory in Programming\", \"The Stack\", \"The Heap\", \"Garbage Collection\", \"Manual and Automatic Memory Management\"]',6,'[\"compilers-and-interpreters\", \"how-programming-languages-work\"]','https://images.unsplash.com/photo-1558494949-ef010cbdcc31',NULL),(59,'2026-07-20 10:05:26.069',NULL,NULL,NULL,'algorithm-design-and-analysis','Algorithm Design and Analysis','Thiết kế và phân tích thuật toán','An advanced introduction to the principles of algorithm design, correctness proofs, asymptotic analysis, and computational efficiency.','Giới thiệu nâng cao về các nguyên lý thiết kế thuật toán, chứng minh tính đúng đắn, phân tích tiệm cận và hiệu quả tính toán.','...','...','[\"algorithms\", \"algorithm-analysis\", \"complexity-theory\"]',18,'Thomas H. Cormen','[\"Algorithmic Thinking\", \"Correctness\", \"Asymptotic Analysis\", \"Efficiency\", \"Algorithm Design Paradigms\"]',7,'[\"asymptotic-analysis-and-big-o\", \"divide-and-conquer-algorithms\"]','https://images.unsplash.com/photo-1509228468518-180dd4864904',NULL),(60,'2026-07-20 10:05:26.544',NULL,NULL,NULL,'asymptotic-analysis-and-big-o','Asymptotic Analysis and Big O Notation','Phân tích tiệm cận và ký hiệu Big O','A rigorous exploration of asymptotic notation and the mathematical tools used to analyze algorithmic time and space complexity.','Khám phá chuyên sâu về ký hiệu tiệm cận và các công cụ toán học được sử dụng để phân tích độ phức tạp thời gian và không gian của thuật toán.','...','...','[\"big-o\", \"asymptotic-analysis\", \"complexity\"]',16,'Robert Sedgewick','[\"Growth Rates\", \"Big O\", \"Big Omega\", \"Big Theta\", \"Worst-Case and Average-Case Analysis\"]',7,'[\"algorithm-design-and-analysis\", \"amortized-analysis\"]','https://images.unsplash.com/photo-1635070041078-e363dbe005cb',NULL),(61,'2026-07-20 10:05:27.040',NULL,NULL,NULL,'divide-and-conquer-algorithms','Divide and Conquer Algorithms','Thuật toán chia để trị','Study the divide-and-conquer paradigm and analyze recursive algorithms using recurrence relations and mathematical techniques.','Nghiên cứu mô hình chia để trị và phân tích các thuật toán đệ quy bằng phương trình truy hồi và các kỹ thuật toán học.','...','...','[\"divide-and-conquer\", \"recursion\", \"recurrence-relations\"]',17,'Jon Kleinberg','[\"The Divide-and-Conquer Paradigm\", \"Recurrence Relations\", \"Merge Sort\", \"The Master Theorem\", \"Advanced Applications\"]',7,'[\"algorithm-design-and-analysis\", \"master-theorem\"]','https://images.unsplash.com/photo-1516116216624-53e697fedbea',NULL),(62,'2026-07-20 10:05:27.467',NULL,NULL,NULL,'master-theorem','The Master Theorem','Định lý Master','Learn how the Master Theorem provides a systematic method for solving recurrence relations arising from divide-and-conquer algorithms.','Tìm hiểu cách Định lý Master cung cấp phương pháp có hệ thống để giải các phương trình truy hồi phát sinh từ các thuật toán chia để trị.','...','...','[\"master-theorem\", \"recurrences\", \"divide-and-conquer\"]',15,'Thomas H. Cormen','[\"Recurrence Relations\", \"The Three Cases\", \"Applying the Theorem\", \"Limitations\", \"Alternative Methods\"]',7,'[\"divide-and-conquer-algorithms\", \"asymptotic-analysis-and-big-o\"]','https://images.unsplash.com/photo-1509228468518-180dd4864904',NULL),(63,'2026-07-20 10:05:27.912',NULL,NULL,NULL,'dynamic-programming','Dynamic Programming','Quy hoạch động','Explore dynamic programming through optimal substructure, overlapping subproblems, memoization, and bottom-up computation.','Khám phá quy hoạch động thông qua cấu trúc con tối ưu, bài toán con chồng lấp, memoization và phương pháp tính bottom-up.','...','...','[\"dynamic-programming\", \"optimization\", \"algorithms\"]',20,'Richard Bellman','[\"Optimal Substructure\", \"Overlapping Subproblems\", \"Memoization\", \"Bottom-Up Computation\", \"State Design\"]',7,'[\"longest-common-subsequence\", \"knapsack-problem\"]','https://images.unsplash.com/photo-1516116216624-53e697fedbea',NULL),(64,'2026-07-20 10:05:28.413',NULL,NULL,NULL,'knapsack-problem','The Knapsack Problem','Bài toán Knapsack','Study the classical knapsack optimization problem and compare dynamic programming, greedy strategies, and approximation approaches.','Nghiên cứu bài toán tối ưu Knapsack kinh điển và so sánh quy hoạch động, chiến lược tham lam cùng các phương pháp xấp xỉ.','...','...','[\"knapsack\", \"dynamic-programming\", \"optimization\"]',18,'Vijay V. Vazirani','[\"The Optimization Problem\", \"0/1 Knapsack\", \"Unbounded Knapsack\", \"Greedy Approaches\", \"Approximation Algorithms\"]',7,'[\"dynamic-programming\", \"approximation-algorithms\"]','https://images.unsplash.com/photo-1551288049-bebda4e38f71',NULL),(65,'2026-07-20 10:05:28.877',NULL,NULL,NULL,'greedy-algorithms-and-correctness','Greedy Algorithms and Their Correctness','Thuật toán tham lam và tính đúng đắn','Understand greedy algorithm design through the greedy-choice property, optimal substructure, and formal correctness proofs.','Tìm hiểu thiết kế thuật toán tham lam thông qua tính chất lựa chọn tham lam, cấu trúc con tối ưu và chứng minh tính đúng đắn hình thức.','...','...','[\"greedy-algorithms\", \"optimization\", \"correctness\"]',17,'George Lueker','[\"The Greedy Paradigm\", \"Greedy-Choice Property\", \"Optimal Substructure\", \"Exchange Arguments\", \"When Greedy Fails\"]',7,'[\"activity-selection-problem\", \"minimum-spanning-trees\"]','https://images.unsplash.com/photo-1516321318423-f06f85e504b3',NULL),(66,'2026-07-20 10:05:29.374',NULL,NULL,NULL,'activity-selection-problem','The Activity Selection Problem','Bài toán lựa chọn hoạt động','Analyze the activity selection problem as a canonical example of greedy algorithm design and proof of optimality.','Phân tích bài toán lựa chọn hoạt động như một ví dụ kinh điển về thiết kế thuật toán tham lam và chứng minh tính tối ưu.','...','...','[\"greedy-algorithms\", \"optimization\", \"scheduling\"]',13,'Thomas H. Cormen','[\"Problem Definition\", \"The Greedy Strategy\", \"Proof of Optimality\", \"Implementation\", \"Generalizations\"]',7,'[\"greedy-algorithms-and-correctness\", \"scheduling-algorithms\"]','https://images.unsplash.com/photo-1454165804606-c3d57bc86b40',NULL),(67,'2026-07-20 10:05:29.813',NULL,NULL,NULL,'graph-traversal-algorithms','Graph Traversal Algorithms','Các thuật toán duyệt đồ thị','Study breadth-first search and depth-first search as fundamental graph traversal algorithms and foundations for advanced graph algorithms.','Nghiên cứu Breadth-First Search và Depth-First Search như những thuật toán duyệt đồ thị nền tảng cho các thuật toán đồ thị nâng cao.','...','...','[\"graphs\", \"bfs\", \"dfs\", \"graph-algorithms\"]',18,'Robert Tarjan','[\"Graph Representations\", \"Breadth-First Search\", \"Depth-First Search\", \"Discovery and Finishing Times\", \"Applications\"]',7,'[\"topological-sorting\", \"strongly-connected-components\"]','https://images.unsplash.com/photo-1518186285589-2f7649de83e0',NULL),(68,'2026-07-20 10:05:30.259',NULL,NULL,NULL,'topological-sorting','Topological Sorting','Sắp xếp topo','Explore topological sorting for directed acyclic graphs and its applications in dependency resolution and scheduling.','Khám phá sắp xếp topo trên đồ thị có hướng không chu trình và các ứng dụng trong giải quyết phụ thuộc và lập lịch.','...','...','[\"topological-sort\", \"graphs\", \"dag\"]',14,'Thomas H. Cormen','[\"Directed Acyclic Graphs\", \"DFS-Based Sorting\", \"Kahn\'s Algorithm\", \"Correctness\", \"Dependency Resolution\"]',7,'[\"graph-traversal-algorithms\", \"strongly-connected-components\"]','https://images.unsplash.com/photo-1558494949-ef010cbdcc31',NULL),(69,'2026-07-20 10:05:30.748',NULL,NULL,NULL,'strongly-connected-components','Strongly Connected Components','Các thành phần liên thông mạnh','Study algorithms for identifying strongly connected components in directed graphs and their applications in graph analysis.','Nghiên cứu các thuật toán xác định thành phần liên thông mạnh trong đồ thị có hướng và các ứng dụng trong phân tích đồ thị.','...','...','[\"strongly-connected-components\", \"graphs\", \"dfs\"]',16,'Robert Tarjan','[\"Directed Graphs\", \"Strong Connectivity\", \"Kosaraju\'s Algorithm\", \"Tarjan\'s Algorithm\", \"Applications\"]',7,'[\"graph-traversal-algorithms\", \"topological-sorting\"]','https://images.unsplash.com/photo-1518186285589-2f7649de83e0',NULL),(70,'2026-07-20 10:05:31.211',NULL,NULL,NULL,'shortest-path-algorithms','Shortest Path Algorithms','Các thuật toán đường đi ngắn nhất','Explore the fundamental algorithms for computing shortest paths in weighted graphs and the conditions under which each algorithm applies.','Khám phá các thuật toán nền tảng để tính đường đi ngắn nhất trong đồ thị có trọng số và điều kiện áp dụng của từng thuật toán.','...','...','[\"shortest-path\", \"graphs\", \"optimization\"]',19,'Edsger W. Dijkstra','[\"The Shortest Path Problem\", \"Dijkstra\'s Algorithm\", \"Bellman-Ford\", \"Negative Weights\", \"Algorithm Comparison\"]',7,'[\"dijkstras-algorithm\", \"bellman-ford-algorithm\"]','https://images.unsplash.com/photo-1500534623283-312aade485b7',NULL),(71,'2026-07-20 10:05:31.704',NULL,NULL,NULL,'dijkstras-algorithm','Dijkstra\'s Algorithm','Thuật toán Dijkstra','A rigorous study of Dijkstra\'s algorithm for solving the single-source shortest path problem in graphs with non-negative edge weights.','Nghiên cứu chuyên sâu về thuật toán Dijkstra để giải bài toán đường đi ngắn nhất từ một nguồn trong đồ thị có trọng số cạnh không âm.','...','...','[\"dijkstra\", \"shortest-path\", \"graphs\"]',17,'Edsger W. Dijkstra','[\"Problem Definition\", \"Relaxation\", \"Priority Queues\", \"Correctness Proof\", \"Complexity Analysis\"]',7,'[\"shortest-path-algorithms\", \"bellman-ford-algorithm\"]','https://images.unsplash.com/photo-1500534623283-312aade485b7',NULL),(72,'2026-07-20 10:05:32.118',NULL,NULL,NULL,'bellman-ford-algorithm','The Bellman-Ford Algorithm','Thuật toán Bellman-Ford','Study the Bellman-Ford algorithm for shortest paths in graphs containing negative edge weights and its ability to detect negative cycles.','Nghiên cứu thuật toán Bellman-Ford cho bài toán đường đi ngắn nhất trong đồ thị có cạnh trọng số âm và khả năng phát hiện chu trình âm.','...','...','[\"bellman-ford\", \"shortest-path\", \"graphs\"]',16,'Richard Bellman','[\"Relaxation\", \"Repeated Relaxation\", \"Negative Edge Weights\", \"Negative Cycle Detection\", \"Complexity\"]',7,'[\"shortest-path-algorithms\", \"dijkstras-algorithm\"]','https://images.unsplash.com/photo-1509228468518-180dd4864904',NULL),(73,'2026-07-20 10:05:32.552',NULL,NULL,NULL,'minimum-spanning-trees','Minimum Spanning Trees','Cây khung nhỏ nhất','Explore the theory and algorithms behind minimum spanning trees and their applications in network optimization.','Khám phá lý thuyết và các thuật toán phía sau cây khung nhỏ nhất cùng các ứng dụng trong tối ưu hóa mạng.','...','...','[\"minimum-spanning-tree\", \"graphs\", \"optimization\"]',17,'Robert C. Prim','[\"The MST Problem\", \"Cut Property\", \"Kruskal\'s Algorithm\", \"Prim\'s Algorithm\", \"Applications\"]',7,'[\"kruskals-algorithm\", \"prims-algorithm\"]','https://images.unsplash.com/photo-1518186285589-2f7649de83e0',NULL),(74,'2026-07-20 10:05:33.045',NULL,NULL,NULL,'kruskals-algorithm','Kruskal\'s Algorithm','Thuật toán Kruskal','Study Kruskal\'s greedy algorithm for constructing minimum spanning trees using edge sorting and disjoint-set data structures.','Nghiên cứu thuật toán tham lam Kruskal để xây dựng cây khung nhỏ nhất bằng cách sắp xếp cạnh và sử dụng cấu trúc Disjoint Set.','...','...','[\"kruskal\", \"minimum-spanning-tree\", \"union-find\"]',15,'Joseph B. Kruskal','[\"Edge Sorting\", \"Disjoint Sets\", \"Cycle Detection\", \"Correctness\", \"Complexity\"]',7,'[\"minimum-spanning-trees\", \"union-find-data-structure\"]','https://images.unsplash.com/photo-1518186285589-2f7649de83e0',NULL),(75,'2026-07-20 10:05:33.506',NULL,NULL,NULL,'prims-algorithm','Prim\'s Algorithm','Thuật toán Prim','Explore Prim\'s greedy algorithm for constructing minimum spanning trees through incremental expansion of a connected tree.','Khám phá thuật toán tham lam Prim để xây dựng cây khung nhỏ nhất thông qua việc mở rộng dần một cây liên thông.','...','...','[\"prim\", \"minimum-spanning-tree\", \"graphs\"]',15,'Robert C. Prim','[\"Growing the Tree\", \"Priority Queues\", \"Cut Property\", \"Correctness\", \"Complexity\"]',7,'[\"minimum-spanning-trees\", \"kruskals-algorithm\"]','https://images.unsplash.com/photo-1518186285589-2f7649de83e0',NULL),(76,'2026-07-20 10:05:34.005',NULL,NULL,NULL,'network-flow-algorithms','Network Flow Algorithms','Các thuật toán luồng mạng','Study maximum flow and minimum cut problems and their applications in optimization, networks, and combinatorial problems.','Nghiên cứu bài toán luồng cực đại và lát cắt nhỏ nhất cùng các ứng dụng trong tối ưu hóa, mạng và các bài toán tổ hợp.','...','...','[\"network-flow\", \"max-flow\", \"min-cut\"]',20,'Lester R. Ford Jr.','[\"Flow Networks\", \"Residual Networks\", \"Augmenting Paths\", \"Maximum Flow\", \"Minimum Cut\"]',7,'[\"ford-fulkerson-algorithm\", \"max-flow-min-cut-theorem\"]','https://images.unsplash.com/photo-1558494949-ef010cbdcc31',NULL),(77,'2026-07-20 10:05:34.700',NULL,NULL,NULL,'ford-fulkerson-algorithm','The Ford-Fulkerson Algorithm','Thuật toán Ford-Fulkerson','Understand the augmenting-path method for solving maximum flow problems and the theoretical foundations of flow optimization.','Tìm hiểu phương pháp đường tăng để giải bài toán luồng cực đại và nền tảng lý thuyết của tối ưu hóa luồng.','...','...','[\"ford-fulkerson\", \"max-flow\", \"network-flow\"]',18,'Lester R. Ford Jr.','[\"Flow Networks\", \"Augmenting Paths\", \"Residual Capacity\", \"Algorithm Analysis\", \"Termination\"]',7,'[\"network-flow-algorithms\", \"max-flow-min-cut-theorem\"]','https://images.unsplash.com/photo-1558494949-ef010cbdcc31',NULL),(78,'2026-07-20 10:05:35.144',NULL,NULL,NULL,'max-flow-min-cut-theorem','The Max-Flow Min-Cut Theorem','Định lý Max-Flow Min-Cut','Explore the fundamental theorem establishing the equality between maximum flow and minimum cut capacity in flow networks.','Khám phá định lý nền tảng chứng minh sự bằng nhau giữa luồng cực đại và sức chứa của lát cắt nhỏ nhất trong mạng luồng.','...','...','[\"max-flow\", \"min-cut\", \"graph-theory\"]',17,'Lester R. Ford Jr.','[\"Flow and Cuts\", \"The Fundamental Inequality\", \"The Equality Condition\", \"Proof Intuition\", \"Applications\"]',7,'[\"network-flow-algorithms\", \"ford-fulkerson-algorithm\"]','https://images.unsplash.com/photo-1509228468518-180dd4864904',NULL),(79,'2026-07-20 10:05:35.638',NULL,NULL,NULL,'amortized-analysis','Amortized Analysis','Phân tích amortized','Learn how amortized analysis evaluates the average cost of operations over sequences of operations using aggregate, accounting, and potential methods.','Tìm hiểu cách phân tích amortized đánh giá chi phí trung bình của các thao tác qua một chuỗi thao tác bằng phương pháp aggregate, accounting và potential.','...','...','[\"amortized-analysis\", \"complexity\", \"data-structures\"]',18,'Robert E. Tarjan','[\"Aggregate Method\", \"Accounting Method\", \"Potential Method\", \"Dynamic Arrays\", \"Applications\"]',7,'[\"asymptotic-analysis-and-big-o\", \"union-find-data-structure\"]','https://images.unsplash.com/photo-1635070041078-e363dbe005cb',NULL),(80,'2026-07-20 10:05:36.095',NULL,NULL,NULL,'union-find-data-structure','The Union-Find Data Structure','Cấu trúc dữ liệu Union-Find','Study disjoint-set union structures, path compression, union by rank, and their nearly constant amortized complexity.','Nghiên cứu cấu trúc Disjoint Set Union, path compression, union by rank và độ phức tạp amortized gần như hằng số.','...','...','[\"union-find\", \"disjoint-set\", \"amortized-analysis\"]',16,'Robert E. Tarjan','[\"Disjoint Sets\", \"Union Operation\", \"Find Operation\", \"Path Compression\", \"Union by Rank\"]',7,'[\"kruskals-algorithm\", \"amortized-analysis\"]','https://images.unsplash.com/photo-1518186285589-2f7649de83e0',NULL),(81,'2026-07-20 10:05:36.590',NULL,NULL,NULL,'string-matching-algorithms','String Matching Algorithms','Các thuật toán tìm kiếm chuỗi','Explore efficient algorithms for locating patterns within text, including preprocessing-based approaches and linear-time matching.','Khám phá các thuật toán hiệu quả để tìm pattern trong văn bản, bao gồm các phương pháp dựa trên preprocessing và matching tuyến tính.','...','...','[\"string-matching\", \"text-algorithms\", \"pattern-matching\"]',18,'Donald E. Knuth','[\"The String Matching Problem\", \"Naive Matching\", \"KMP Algorithm\", \"Boyer-Moore\", \"Complexity Analysis\"]',7,'[\"knuth-morris-pratt-algorithm\", \"suffix-arrays\"]','https://images.unsplash.com/photo-1516116216624-53e697fedbea',NULL),(82,'2026-07-20 10:05:37.007',NULL,NULL,NULL,'knuth-morris-pratt-algorithm','The Knuth-Morris-Pratt Algorithm','Thuật toán Knuth-Morris-Pratt','Study the KMP algorithm and its prefix-function preprocessing technique for efficient linear-time pattern matching.','Nghiên cứu thuật toán KMP và kỹ thuật preprocessing bằng prefix function để tìm kiếm pattern hiệu quả trong thời gian tuyến tính.','...','...','[\"kmp\", \"string-matching\", \"pattern-matching\"]',17,'Donald E. Knuth','[\"Pattern Matching\", \"Prefix Function\", \"Failure Function\", \"The KMP Algorithm\", \"Linear-Time Analysis\"]',7,'[\"string-matching-algorithms\", \"suffix-arrays\"]','https://images.unsplash.com/photo-1516116216624-53e697fedbea',NULL),(83,'2026-07-20 10:05:37.446',NULL,NULL,NULL,'randomized-algorithms','Randomized Algorithms','Thuật toán ngẫu nhiên','Explore algorithms that use randomness as part of their logic and analyze their expected performance and probability of correctness.','Khám phá các thuật toán sử dụng tính ngẫu nhiên trong logic và phân tích hiệu suất kỳ vọng cùng xác suất đúng của chúng.','...','...','[\"randomized-algorithms\", \"probability\", \"complexity\"]',19,'Rajeev Motwani','[\"Randomness in Algorithms\", \"Las Vegas Algorithms\", \"Monte Carlo Algorithms\", \"Expected Complexity\", \"Applications\"]',7,'[\"randomized-quicksort\", \"probabilistic-analysis\"]','https://images.unsplash.com/photo-1635070041078-e363dbe005cb',NULL),(84,'2026-07-20 10:05:37.954',NULL,NULL,NULL,'randomized-quicksort','Randomized Quicksort','Randomized Quicksort','Analyze the randomized version of Quicksort and understand why random pivot selection produces excellent expected performance.','Phân tích phiên bản ngẫu nhiên của Quicksort và tìm hiểu tại sao việc chọn pivot ngẫu nhiên tạo ra hiệu suất kỳ vọng rất tốt.','...','...','[\"quicksort\", \"randomized-algorithms\", \"sorting\"]',16,'Thomas H. Cormen','[\"Quicksort Review\", \"Random Pivot Selection\", \"Expected Running Time\", \"Probability Analysis\", \"Practical Performance\"]',7,'[\"randomized-algorithms\", \"sorting-algorithms\"]','https://images.unsplash.com/photo-1516116216624-53e697fedbea',NULL),(85,'2026-07-20 10:05:38.414',NULL,NULL,NULL,'approximation-algorithms','Approximation Algorithms','Thuật toán xấp xỉ','Study algorithms that produce near-optimal solutions for computationally difficult optimization problems with provable approximation guarantees.','Nghiên cứu các thuật toán tạo ra lời giải gần tối ưu cho những bài toán tối ưu hóa khó tính toán với các bảo đảm xấp xỉ có thể chứng minh.','...','...','[\"approximation-algorithms\", \"optimization\", \"np-hard\"]',20,'Vijay V. Vazirani','[\"Optimization Problems\", \"Approximation Ratios\", \"Greedy Approximation\", \"Set Cover\", \"Performance Guarantees\"]',7,'[\"np-completeness\", \"knapsack-problem\"]','https://images.unsplash.com/photo-1509228468518-180dd4864904',NULL),(86,'2026-07-20 10:05:38.940',NULL,NULL,NULL,'np-completeness','NP-Completeness','NP-Completeness','An advanced introduction to polynomial-time reductions, NP-complete problems, and the theoretical foundations of computational hardness.','Giới thiệu nâng cao về phép quy dẫn thời gian đa thức, các bài toán NP-complete và nền tảng lý thuyết của độ khó tính toán.','...','...','[\"np-completeness\", \"complexity-theory\", \"reductions\"]',22,'Michael R. Garey','[\"P and NP\", \"Polynomial-Time Reductions\", \"NP-Complete Problems\", \"Cook-Levin Theorem\", \"Implications\"]',7,'[\"p-versus-np-problem\", \"approximation-algorithms\"]','https://images.unsplash.com/photo-1635070041078-e363dbe005cb',NULL),(87,'2026-07-20 10:05:39.378',NULL,NULL,NULL,'p-versus-np-problem','The P versus NP Problem','Bài toán P và NP','Examine one of the central open problems in theoretical computer science and its implications for algorithm design and computational complexity.','Nghiên cứu một trong những bài toán mở trung tâm của khoa học máy tính lý thuyết và những hệ quả đối với thiết kế thuật toán và độ phức tạp tính toán.','...','...','[\"p-vs-np\", \"complexity-theory\", \"computational-complexity\"]',21,'Stephen A. Cook','[\"The Class P\", \"The Class NP\", \"Polynomial Reductions\", \"NP-Completeness\", \"Why P vs NP Matters\"]',7,'[\"np-completeness\", \"approximation-algorithms\"]','https://images.unsplash.com/photo-1509228468518-180dd4864904',NULL),(88,'2026-07-20 10:05:39.814',NULL,NULL,NULL,'traveling-salesman-problem','The Traveling Salesman Problem','Bài toán người bán hàng','Explore the Traveling Salesman Problem as a fundamental combinatorial optimization problem and a classic example of computational hardness.','Khám phá bài toán người bán hàng như một bài toán tối ưu tổ hợp nền tảng và một ví dụ kinh điển về độ khó tính toán.','...','...','[\"tsp\", \"combinatorial-optimization\", \"np-hard\"]',20,'William J. Cook','[\"Problem Definition\", \"Exact Algorithms\", \"Dynamic Programming\", \"Approximation\", \"Heuristics\"]',7,'[\"np-completeness\", \"approximation-algorithms\"]','https://images.unsplash.com/photo-1500534623283-312aade485b7',NULL),(89,'2026-07-20 10:05:40.318',NULL,NULL,NULL,'algorithmic-lower-bounds','Algorithmic Lower Bounds','Cận dưới trong phân tích thuật toán','Study techniques for proving fundamental lower bounds on the computational complexity of algorithmic problems.','Nghiên cứu các kỹ thuật chứng minh cận dưới cơ bản đối với độ phức tạp tính toán của các bài toán thuật toán.','...','...','[\"lower-bounds\", \"complexity\", \"algorithm-analysis\"]',19,'Michael L. Fredman','[\"Why Lower Bounds Matter\", \"Decision Trees\", \"Adversary Arguments\", \"Information-Theoretic Bounds\", \"Optimality\"]',7,'[\"asymptotic-analysis-and-big-o\", \"np-completeness\"]','https://images.unsplash.com/photo-1635070041078-e363dbe005cb',NULL),(90,'2026-07-20 10:05:40.782',NULL,NULL,NULL,'online-algorithms','Online Algorithms','Thuật toán Online','Explore algorithms that process input incrementally without knowing future data and analyze their performance against optimal offline solutions.','Khám phá các thuật toán xử lý dữ liệu từng phần mà không biết trước dữ liệu tương lai và phân tích hiệu suất so với lời giải offline tối ưu.','...','...','[\"online-algorithms\", \"competitive-analysis\", \"optimization\"]',20,'Allan Borodin','[\"Online vs Offline Algorithms\", \"Competitive Ratio\", \"Paging Problems\", \"Online Scheduling\", \"Applications\"]',7,'[\"approximation-algorithms\", \"algorithmic-lower-bounds\"]','https://images.unsplash.com/photo-1558494949-ef010cbdcc31',NULL),(91,'2026-07-20 10:05:41.284',NULL,NULL,NULL,'parallel-algorithms','Parallel Algorithms','Thuật toán song song','Study algorithm design for parallel computation, including work, span, speedup, and parallel complexity models.','Nghiên cứu thiết kế thuật toán cho tính toán song song, bao gồm work, span, speedup và các mô hình độ phức tạp song song.','...','...','[\"parallel-algorithms\", \"parallel-computing\", \"complexity\"]',20,'Richard M. Karp','[\"Parallel Computation\", \"Work and Span\", \"PRAM Models\", \"Parallel Speedup\", \"Parallel Algorithm Design\"]',7,'[\"algorithm-design-and-analysis\", \"asymptotic-analysis-and-big-o\"]','https://images.unsplash.com/photo-1558494949-ef010cbdcc31',NULL),(92,'2026-07-20 10:05:41.714',NULL,NULL,NULL,'sorting-algorithms-theory-and-practice','Sorting Algorithms: Theory and Practice','Thuật toán sắp xếp: Lý thuyết và thực tiễn','Compare fundamental sorting algorithms through their correctness, complexity, stability, memory usage, and practical performance.','So sánh các thuật toán sắp xếp nền tảng thông qua tính đúng đắn, độ phức tạp, tính ổn định, bộ nhớ sử dụng và hiệu suất thực tế.','...','...','[\"sorting\", \"algorithms\", \"complexity\"]',18,'Robert Sedgewick','[\"Comparison Sorting\", \"Insertion Sort\", \"Merge Sort\", \"Quicksort\", \"Non-Comparison Sorting\"]',7,'[\"asymptotic-analysis-and-big-o\", \"randomized-quicksort\"]','https://images.unsplash.com/photo-1516116216624-53e697fedbea',NULL),(93,'2026-07-20 10:05:42.153',NULL,NULL,NULL,'suffix-arrays-and-string-algorithms','Suffix Arrays and String Algorithms','Suffix Array và các thuật toán chuỗi','Explore suffix arrays as powerful data structures for efficient string processing, pattern matching, and text indexing.','Khám phá Suffix Array như một cấu trúc dữ liệu mạnh mẽ cho xử lý chuỗi, tìm kiếm pattern và lập chỉ mục văn bản hiệu quả.','...','...','[\"suffix-arrays\", \"string-algorithms\", \"text-indexing\"]',20,'Udi Manber','[\"Suffixes\", \"Suffix Arrays\", \"Construction Algorithms\", \"Pattern Searching\", \"Applications\"]',7,'[\"string-matching-algorithms\", \"knuth-morris-pratt-algorithm\"]','https://images.unsplash.com/photo-1516116216624-53e697fedbea',NULL),(94,'2026-07-20 10:07:58.455',NULL,NULL,NULL,'arrays-and-contiguous-memory','Arrays and Contiguous Memory','Mảng và bộ nhớ liên tục','Understand arrays as one of the most fundamental data structures and explore how contiguous memory enables efficient indexed access.','Tìm hiểu về mảng như một trong những cấu trúc dữ liệu nền tảng nhất và cách bộ nhớ liên tục cho phép truy cập phần tử hiệu quả thông qua chỉ mục.','...','...','[\"arrays\", \"memory\", \"data-structures\"]',12,'Thomas H. Cormen','[\"What Is an Array?\", \"Contiguous Memory\", \"Indexed Access\", \"Insertion and Deletion\", \"Time Complexity\"]',8,'[\"dynamic-arrays\", \"linked-lists\"]','https://images.unsplash.com/photo-1516116216624-53e697fedbea',NULL),(95,'2026-07-20 10:07:58.957',NULL,NULL,NULL,'dynamic-arrays','Dynamic Arrays','Mảng động','Explore how dynamic arrays automatically resize to provide flexible storage while maintaining efficient indexed access.','Khám phá cách mảng động tự động thay đổi kích thước để cung cấp khả năng lưu trữ linh hoạt trong khi vẫn duy trì khả năng truy cập theo chỉ mục hiệu quả.','...','...','[\"dynamic-arrays\", \"arrays\", \"amortized-analysis\"]',14,'Robert Sedgewick','[\"Static vs Dynamic Arrays\", \"Capacity and Size\", \"Resizing\", \"Amortized Complexity\", \"Implementation Strategies\"]',8,'[\"arrays-and-contiguous-memory\", \"amortized-analysis\"]','https://images.unsplash.com/photo-1516321318423-f06f85e504b3',NULL),(96,'2026-07-20 10:07:59.383',NULL,NULL,NULL,'linked-lists','Linked Lists','Linked List','Understand how linked lists organize data through nodes and references and compare their properties with arrays.','Tìm hiểu cách Linked List tổ chức dữ liệu thông qua các node và reference, đồng thời so sánh đặc điểm của chúng với array.','...','...','[\"linked-lists\", \"pointers\", \"data-structures\"]',14,'Thomas H. Cormen','[\"Nodes and References\", \"Singly Linked Lists\", \"Doubly Linked Lists\", \"Insertion and Deletion\", \"Arrays vs Linked Lists\"]',8,'[\"arrays-and-contiguous-memory\", \"stacks\"]','https://images.unsplash.com/photo-1558494949-ef010cbdcc31',NULL),(97,'2026-07-20 10:07:59.859',NULL,NULL,NULL,'stacks','Stacks','Stack','Study the Last-In-First-Out data structure and understand how stacks are implemented and used in software systems.','Nghiên cứu cấu trúc dữ liệu Last-In-First-Out và tìm hiểu cách Stack được triển khai cũng như sử dụng trong các hệ thống phần mềm.','...','...','[\"stacks\", \"lifo\", \"data-structures\"]',13,'Robert Sedgewick','[\"The LIFO Principle\", \"Push and Pop\", \"Stack Implementations\", \"Call Stacks\", \"Applications\"]',8,'[\"linked-lists\", \"queues\"]','https://images.unsplash.com/photo-1516116216624-53e697fedbea',NULL),(98,'2026-07-20 10:08:00.352',NULL,NULL,NULL,'queues','Queues','Queue','Explore the First-In-First-Out data structure and its applications in scheduling, buffering, and breadth-first search.','Khám phá cấu trúc dữ liệu First-In-First-Out và các ứng dụng trong lập lịch, buffering và Breadth-First Search.','...','...','[\"queues\", \"fifo\", \"data-structures\"]',13,'Thomas H. Cormen','[\"The FIFO Principle\", \"Enqueue and Dequeue\", \"Circular Queues\", \"Queue Implementations\", \"Applications\"]',8,'[\"stacks\", \"deques\"]','https://images.unsplash.com/photo-1558494949-ef010cbdcc31',NULL),(99,'2026-07-20 10:08:00.815',NULL,NULL,NULL,'deques','Deques','Deque','Understand double-ended queues and how they combine the capabilities of stacks and queues.','Tìm hiểu về hàng đợi hai đầu và cách Deque kết hợp các khả năng của cả Stack và Queue.','...','...','[\"deque\", \"queues\", \"stacks\"]',11,'Robert Sedgewick','[\"Double-Ended Queues\", \"Front Operations\", \"Back Operations\", \"Implementations\", \"Applications\"]',8,'[\"stacks\", \"queues\"]','https://images.unsplash.com/photo-1516321318423-f06f85e504b3',NULL),(100,'2026-07-20 10:08:01.306',NULL,NULL,NULL,'hash-tables','Hash Tables','Hash Table','Explore hash tables as a fundamental data structure for efficient key-value storage and average constant-time lookup.','Khám phá Hash Table như một cấu trúc dữ liệu nền tảng cho việc lưu trữ key-value hiệu quả với khả năng tra cứu trung bình trong thời gian hằng số.','...','...','[\"hash-tables\", \"hashing\", \"key-value\"]',17,'Thomas H. Cormen','[\"Hash Functions\", \"Hash Tables\", \"Collisions\", \"Separate Chaining\", \"Open Addressing\"]',8,'[\"hash-functions\", \"collision-resolution\"]','https://images.unsplash.com/photo-1518770660439-4636190af475',NULL),(101,'2026-07-20 10:08:01.743',NULL,NULL,NULL,'hash-functions','Hash Functions','Hàm băm','Understand how hash functions transform keys into indexes and the properties required for effective hashing.','Tìm hiểu cách các hàm băm chuyển đổi key thành index và những đặc tính cần thiết để tạo ra một cơ chế hashing hiệu quả.','...','...','[\"hash-functions\", \"hashing\", \"algorithms\"]',15,'Donald E. Knuth','[\"Hashing Fundamentals\", \"Uniform Distribution\", \"Deterministic Hashing\", \"Cryptographic vs Non-Cryptographic Hashes\", \"Quality of Hash Functions\"]',8,'[\"hash-tables\", \"collision-resolution\"]','https://images.unsplash.com/photo-1635070041078-e363dbe005cb',NULL),(102,'2026-07-20 10:08:02.185',NULL,NULL,NULL,'collision-resolution','Collision Resolution in Hash Tables','Xử lý Collision trong Hash Table','Study the main strategies for handling collisions in hash tables, including chaining and open addressing.','Nghiên cứu các chiến lược chính để xử lý collision trong Hash Table, bao gồm chaining và open addressing.','...','...','[\"hash-tables\", \"collision-resolution\", \"hashing\"]',15,'Robert Sedgewick','[\"What Is a Collision?\", \"Separate Chaining\", \"Linear Probing\", \"Quadratic Probing\", \"Double Hashing\"]',8,'[\"hash-tables\", \"hash-functions\"]','https://images.unsplash.com/photo-1518770660439-4636190af475',NULL),(103,'2026-07-20 10:08:02.669',NULL,NULL,NULL,'trees-and-hierarchical-data','Trees and Hierarchical Data','Tree và dữ liệu phân cấp','Understand trees as hierarchical data structures and explore their terminology, properties, and recursive nature.','Tìm hiểu Tree như một cấu trúc dữ liệu phân cấp và khám phá các thuật ngữ, thuộc tính cũng như bản chất đệ quy của chúng.','...','...','[\"trees\", \"hierarchical-data\", \"data-structures\"]',14,'Thomas H. Cormen','[\"Tree Terminology\", \"Nodes and Edges\", \"Root and Leaves\", \"Height and Depth\", \"Recursive Structure\"]',8,'[\"binary-trees\", \"binary-search-trees\"]','https://images.unsplash.com/photo-1518186285589-2f7649de83e0',NULL),(104,'2026-07-20 10:08:03.132',NULL,NULL,NULL,'binary-trees','Binary Trees','Cây nhị phân','Study binary trees and their structural properties, traversal techniques, and role as the foundation for many advanced data structures.','Nghiên cứu cây nhị phân, các thuộc tính cấu trúc, kỹ thuật duyệt và vai trò của chúng như nền tảng cho nhiều cấu trúc dữ liệu nâng cao.','...','...','[\"binary-trees\", \"trees\", \"recursion\"]',16,'Robert Sedgewick','[\"Binary Tree Definition\", \"Tree Traversals\", \"Preorder\", \"Inorder\", \"Postorder\"]',8,'[\"trees-and-hierarchical-data\", \"binary-search-trees\"]','https://images.unsplash.com/photo-1518186285589-2f7649de83e0',NULL),(105,'2026-07-20 10:08:03.631',NULL,NULL,NULL,'binary-search-trees','Binary Search Trees','Binary Search Tree','Explore binary search trees and how their ordering property enables efficient search, insertion, and deletion operations.','Khám phá Binary Search Tree và cách thuộc tính sắp xếp của nó cho phép thực hiện hiệu quả các thao tác tìm kiếm, chèn và xóa.','...','...','[\"binary-search-trees\", \"bst\", \"trees\"]',17,'Thomas H. Cormen','[\"The BST Property\", \"Search\", \"Insertion\", \"Deletion\", \"Complexity\"]',8,'[\"binary-trees\", \"balanced-search-trees\"]','https://images.unsplash.com/photo-1518186285589-2f7649de83e0',NULL),(106,'2026-07-20 10:08:04.048',NULL,NULL,NULL,'balanced-search-trees','Balanced Search Trees','Cây tìm kiếm cân bằng','Understand why balanced search trees are necessary and how AVL trees and Red-Black trees maintain efficient logarithmic operations.','Tìm hiểu tại sao cây tìm kiếm cân bằng là cần thiết và cách AVL Tree cùng Red-Black Tree duy trì các thao tác có độ phức tạp logarithmic.','...','...','[\"balanced-trees\", \"avl-trees\", \"red-black-trees\"]',20,'Robert Tarjan','[\"The Problem of Imbalance\", \"AVL Trees\", \"Rotations\", \"Red-Black Trees\", \"Complexity Guarantees\"]',8,'[\"binary-search-trees\", \"tree-rotations\"]','https://images.unsplash.com/photo-1518186285589-2f7649de83e0',NULL),(107,'2026-07-20 10:08:04.493',NULL,NULL,NULL,'heaps-and-priority-queues','Heaps and Priority Queues','Heap và Priority Queue','Study heaps as complete binary trees that efficiently support priority-based insertion and removal operations.','Nghiên cứu Heap như một cây nhị phân hoàn chỉnh hỗ trợ hiệu quả các thao tác chèn và loại bỏ phần tử dựa trên độ ưu tiên.','...','...','[\"heaps\", \"priority-queues\", \"binary-heaps\"]',17,'Thomas H. Cormen','[\"Heap Property\", \"Min-Heaps\", \"Max-Heaps\", \"Priority Queues\", \"Heap Operations\"]',8,'[\"heap-sort\", \"binary-heaps\"]','https://images.unsplash.com/photo-1518770660439-4636190af475',NULL),(108,'2026-07-20 10:08:04.984',NULL,NULL,NULL,'binary-heaps','Binary Heaps','Binary Heap','Explore the array-based representation of binary heaps and analyze heapify, insertion, extraction, and update operations.','Khám phá cách biểu diễn Binary Heap bằng array và phân tích các thao tác heapify, insertion, extraction và update.','...','...','[\"binary-heaps\", \"heaps\", \"priority-queues\"]',16,'Robert Sedgewick','[\"Array Representation\", \"Parent and Child Relationships\", \"Heapify\", \"Insertion\", \"Extraction\"]',8,'[\"heaps-and-priority-queues\", \"heap-sort\"]','https://images.unsplash.com/photo-1518770660439-4636190af475',NULL),(109,'2026-07-20 10:08:05.443',NULL,NULL,NULL,'tries-and-prefix-trees','Tries and Prefix Trees','Trie và Prefix Tree','Understand trie data structures and how they enable efficient prefix-based search and string storage.','Tìm hiểu cấu trúc dữ liệu Trie và cách nó hỗ trợ tìm kiếm theo prefix cũng như lưu trữ chuỗi hiệu quả.','...','...','[\"tries\", \"prefix-trees\", \"strings\"]',15,'Edward Fredkin','[\"The Prefix Problem\", \"Trie Structure\", \"Insertion\", \"Search\", \"Autocomplete Applications\"]',8,'[\"string-matching-algorithms\", \"suffix-arrays-and-string-algorithms\"]','https://images.unsplash.com/photo-1516116216624-53e697fedbea',NULL),(110,'2026-07-20 10:08:05.932',NULL,NULL,NULL,'graphs-as-data-structures','Graphs as Data Structures','Graph dưới góc nhìn cấu trúc dữ liệu','Explore graphs as a fundamental data structure for representing relationships, networks, dependencies, and complex connections.','Khám phá Graph như một cấu trúc dữ liệu nền tảng để biểu diễn các mối quan hệ, mạng lưới, dependency và các kết nối phức tạp.','...','...','[\"graphs\", \"graph-representation\", \"data-structures\"]',17,'Thomas H. Cormen','[\"Vertices and Edges\", \"Directed Graphs\", \"Undirected Graphs\", \"Adjacency Matrix\", \"Adjacency List\"]',8,'[\"graph-traversal-algorithms\", \"graph-representations\"]','https://images.unsplash.com/photo-1518186285589-2f7649de83e0',NULL),(111,'2026-07-20 10:08:06.344',NULL,NULL,NULL,'graph-representations','Adjacency Lists and Adjacency Matrices','Adjacency List và Adjacency Matrix','Compare the two fundamental graph representations and understand how their memory and performance characteristics differ.','So sánh hai cách biểu diễn Graph nền tảng và tìm hiểu sự khác biệt về đặc điểm bộ nhớ cũng như hiệu suất của chúng.','...','...','[\"graphs\", \"adjacency-list\", \"adjacency-matrix\"]',14,'Robert Sedgewick','[\"Adjacency Matrix\", \"Adjacency List\", \"Memory Complexity\", \"Operation Complexity\", \"Choosing a Representation\"]',8,'[\"graphs-as-data-structures\", \"graph-traversal-algorithms\"]','https://images.unsplash.com/photo-1518186285589-2f7649de83e0',NULL),(112,'2026-07-20 10:08:06.780',NULL,NULL,NULL,'disjoint-set-union','Disjoint Set Union','Disjoint Set Union','Study the Union-Find data structure for maintaining collections of disjoint sets with efficient union and connectivity operations.','Nghiên cứu cấu trúc dữ liệu Union-Find để quản lý các tập hợp rời nhau với các thao tác union và kiểm tra kết nối hiệu quả.','...','...','[\"union-find\", \"disjoint-set\", \"data-structures\"]',16,'Robert E. Tarjan','[\"Disjoint Sets\", \"Find Operation\", \"Union Operation\", \"Path Compression\", \"Union by Rank\"]',8,'[\"kruskals-algorithm\", \"amortized-analysis\"]','https://images.unsplash.com/photo-1518186285589-2f7649de83e0',NULL),(113,'2026-07-20 10:08:07.275',NULL,NULL,NULL,'segment-trees','Segment Trees','Segment Tree','Explore segment trees as advanced data structures for answering range queries and performing updates efficiently.','Khám phá Segment Tree như một cấu trúc dữ liệu nâng cao để trả lời các truy vấn trên khoảng và thực hiện cập nhật hiệu quả.','...','...','[\"segment-trees\", \"range-queries\", \"data-structures\"]',20,'Jon Bentley','[\"Range Query Problems\", \"Tree Construction\", \"Range Queries\", \"Point Updates\", \"Lazy Propagation\"]',8,'[\"binary-trees\", \"fenwick-trees\"]','https://images.unsplash.com/photo-1518770660439-4636190af475',NULL),(114,'2026-07-20 10:08:07.736',NULL,NULL,NULL,'fenwick-trees','Fenwick Trees','Fenwick Tree','Study Binary Indexed Trees as compact data structures for efficient prefix-sum queries and point updates.','Nghiên cứu Binary Indexed Tree như một cấu trúc dữ liệu nhỏ gọn cho các truy vấn prefix sum và cập nhật điểm hiệu quả.','...','...','[\"fenwick-tree\", \"binary-indexed-tree\", \"range-queries\"]',17,'Peter M. Fenwick','[\"Prefix Sum Queries\", \"Binary Indexed Tree\", \"Update Operation\", \"Query Operation\", \"Complexity\"]',8,'[\"segment-trees\", \"dynamic-arrays\"]','https://images.unsplash.com/photo-1518770660439-4636190af475',NULL),(115,'2026-07-20 10:09:46.250',NULL,NULL,NULL,'sql-and-relational-database-systems','SQL and Relational Database Systems','SQL và hệ quản trị cơ sở dữ liệu quan hệ','Understand SQL as the standard language for querying and manipulating relational databases, including relational modeling, joins, transactions, and constraints.','Tìm hiểu SQL như ngôn ngữ tiêu chuẩn để truy vấn và thao tác với cơ sở dữ liệu quan hệ, bao gồm mô hình quan hệ, phép JOIN, transaction và constraint.','...','...','[\"sql\", \"relational-databases\", \"database-design\"]',18,'Edgar F. Codd','[\"Relational Database Model\", \"SQL Fundamentals\", \"Queries and Joins\", \"Transactions\", \"Constraints and Integrity\"]',9,'[\"nosql-databases\", \"database-scaling-horizontal-and-vertical\"]','https://images.unsplash.com/photo-1544383835-bda2bc66a55d',NULL),(116,'2026-07-20 10:09:46.703',NULL,NULL,NULL,'nosql-databases','NoSQL Databases','Cơ sở dữ liệu NoSQL','Explore non-relational database systems, their data models, scalability characteristics, consistency trade-offs, and common use cases.','Khám phá các hệ quản trị cơ sở dữ liệu phi quan hệ, mô hình dữ liệu, khả năng mở rộng, các đánh đổi về consistency và những trường hợp sử dụng phổ biến.','...','...','[\"nosql\", \"distributed-databases\", \"database-systems\"]',17,'Martin Fowler','[\"Why NoSQL?\", \"Document Databases\", \"Key-Value Stores\", \"Column-Family Databases\", \"Graph Databases\", \"Consistency Trade-offs\"]',9,'[\"sql-and-relational-databases\", \"database-scaling-horizontal-and-vertical\"]','https://images.unsplash.com/photo-1558494949-ef010cbdcc31',NULL),(117,'2026-07-20 10:09:47.193',NULL,NULL,NULL,'database-scaling-horizontal-and-vertical','Horizontal and Vertical Database Scaling','Mở rộng cơ sở dữ liệu theo chiều ngang và chiều dọc','Compare vertical scaling and horizontal scaling strategies for database systems and analyze their impact on performance, availability, and operational complexity.','So sánh các chiến lược mở rộng cơ sở dữ liệu theo chiều dọc và chiều ngang, đồng thời phân tích ảnh hưởng đến hiệu suất, tính sẵn sàng và độ phức tạp vận hành.','...','...','[\"database-scaling\", \"horizontal-scaling\", \"vertical-scaling\"]',19,'Martin Kleppmann','[\"The Scaling Problem\", \"Vertical Scaling\", \"Horizontal Scaling\", \"Read Replicas\", \"Trade-offs and Architecture Decisions\"]',9,'[\"database-sharding\", \"nosql-databases\"]','https://images.unsplash.com/photo-1558494949-ef010cbdcc31',NULL),(118,'2026-07-20 10:09:47.675',NULL,NULL,NULL,'database-sharding','Database Sharding','Sharding cơ sở dữ liệu','Study database sharding as a horizontal partitioning strategy for distributing large datasets across multiple database nodes.','Nghiên cứu Database Sharding như một chiến lược phân vùng theo chiều ngang để phân phối các tập dữ liệu lớn trên nhiều database node.','...','...','[\"sharding\", \"distributed-databases\", \"database-scaling\"]',20,'Martin Kleppmann','[\"Why Sharding?\", \"Shard Keys\", \"Range-Based Sharding\", \"Hash-Based Sharding\", \"Rebalancing and Hotspots\"]',9,'[\"database-scaling-horizontal-and-vertical\", \"nosql-databases\"]','https://images.unsplash.com/photo-1518770660439-4636190af475',NULL),(119,'2026-07-20 10:12:53.799',NULL,NULL,NULL,'present-simple-tense','The Present Simple Tense','Thì hiện tại đơn','Learn how the present simple tense expresses habits, routines, facts, general truths, and permanent situations.','Tìm hiểu cách thì hiện tại đơn diễn đạt thói quen, lịch trình, sự thật, chân lý chung và các trạng thái mang tính lâu dài.','...','...','[\"grammar\", \"present-simple\", \"english-tenses\"]',12,'Michael Swan','[\"Form\", \"Uses\", \"Negative Sentences\", \"Questions\", \"Common Errors\"]',12,'[\"present-continuous-tense\", \"past-simple-tense\"]','https://images.unsplash.com/photo-1457369804613-52c61a468e7d',NULL),(120,'2026-07-20 10:12:54.241',NULL,NULL,NULL,'present-continuous-tense','The Present Continuous Tense','Thì hiện tại tiếp diễn','Explore the present continuous tense for actions happening now, temporary situations, and changing trends.','Khám phá thì hiện tại tiếp diễn dùng cho hành động đang xảy ra, tình huống tạm thời và các xu hướng đang thay đổi.','...','...','[\"grammar\", \"present-continuous\", \"english-tenses\"]',13,'Michael Swan','[\"Form\", \"Actions Happening Now\", \"Temporary Situations\", \"Future Arrangements\", \"Common Errors\"]',12,'[\"present-simple-tense\", \"present-perfect-tense\"]','https://images.unsplash.com/photo-1499750310107-5fef28a66643',NULL),(121,'2026-07-20 10:12:54.738',NULL,NULL,NULL,'present-perfect-tense','The Present Perfect Tense','Thì hiện tại hoàn thành','Understand how the present perfect connects past events with the present through experiences, results, and unfinished time periods.','Tìm hiểu cách thì hiện tại hoàn thành kết nối sự kiện trong quá khứ với hiện tại thông qua kinh nghiệm, kết quả và khoảng thời gian chưa kết thúc.','...','...','[\"grammar\", \"present-perfect\", \"english-tenses\"]',15,'Raymond Murphy','[\"Form\", \"Life Experiences\", \"Present Results\", \"Unfinished Time\", \"Since and For\"]',12,'[\"present-perfect-continuous-tense\", \"past-simple-tense\"]','https://images.unsplash.com/photo-1523240795612-9a054b0db644',NULL),(122,'2026-07-20 10:12:55.215',NULL,NULL,NULL,'present-perfect-continuous-tense','The Present Perfect Continuous Tense','Thì hiện tại hoàn thành tiếp diễn','Learn how to use the present perfect continuous to emphasize duration and ongoing activity from the past to the present.','Tìm hiểu cách sử dụng thì hiện tại hoàn thành tiếp diễn để nhấn mạnh khoảng thời gian và hoạt động kéo dài từ quá khứ đến hiện tại.','...','...','[\"grammar\", \"present-perfect-continuous\", \"english-tenses\"]',14,'Michael Swan','[\"Form\", \"Duration\", \"Recently Finished Activities\", \"Since and For\", \"Comparison with Present Perfect\"]',12,'[\"present-perfect-tense\", \"past-perfect-continuous-tense\"]','https://images.unsplash.com/photo-1499750310107-5fef28a66643',NULL),(123,'2026-07-20 10:12:55.719',NULL,NULL,NULL,'past-simple-tense','The Past Simple Tense','Thì quá khứ đơn','Study the past simple tense for completed actions and events that happened at a definite time in the past.','Nghiên cứu thì quá khứ đơn dùng cho các hành động và sự kiện đã hoàn thành tại một thời điểm xác định trong quá khứ.','...','...','[\"grammar\", \"past-simple\", \"english-tenses\"]',12,'Raymond Murphy','[\"Regular Verbs\", \"Irregular Verbs\", \"Negative Forms\", \"Questions\", \"Time Expressions\"]',12,'[\"past-continuous-tense\", \"present-perfect-tense\"]','https://images.unsplash.com/photo-1506784983877-45594efa4cbe',NULL),(124,'2026-07-20 10:12:56.141',NULL,NULL,NULL,'past-continuous-tense','The Past Continuous Tense','Thì quá khứ tiếp diễn','Understand how the past continuous describes actions in progress at a specific time in the past.','Tìm hiểu cách thì quá khứ tiếp diễn mô tả các hành động đang diễn ra tại một thời điểm cụ thể trong quá khứ.','...','...','[\"grammar\", \"past-continuous\", \"english-tenses\"]',13,'Michael Swan','[\"Form\", \"Actions in Progress\", \"Interrupted Actions\", \"Parallel Actions\", \"Past Simple vs Past Continuous\"]',12,'[\"past-simple-tense\", \"past-perfect-tense\"]','https://images.unsplash.com/photo-1500534623283-312aade485b7',NULL),(125,'2026-07-20 10:12:56.592',NULL,NULL,NULL,'past-perfect-tense','The Past Perfect Tense','Thì quá khứ hoàn thành','Learn how the past perfect establishes the relationship between two events that occurred at different times in the past.','Tìm hiểu cách thì quá khứ hoàn thành xác lập mối quan hệ giữa hai sự kiện xảy ra ở những thời điểm khác nhau trong quá khứ.','...','...','[\"grammar\", \"past-perfect\", \"english-tenses\"]',14,'Raymond Murphy','[\"Form\", \"Earlier Past Events\", \"Sequence of Events\", \"Before and After\", \"Common Errors\"]',12,'[\"past-simple-tense\", \"past-perfect-continuous-tense\"]','https://images.unsplash.com/photo-1506784983877-45594efa4cbe',NULL),(126,'2026-07-20 10:12:57.080',NULL,NULL,NULL,'past-perfect-continuous-tense','The Past Perfect Continuous Tense','Thì quá khứ hoàn thành tiếp diễn','Explore how the past perfect continuous emphasizes the duration of an activity before another past event.','Khám phá cách thì quá khứ hoàn thành tiếp diễn nhấn mạnh khoảng thời gian của một hoạt động trước một sự kiện khác trong quá khứ.','...','...','[\"grammar\", \"past-perfect-continuous\", \"english-tenses\"]',15,'Michael Swan','[\"Form\", \"Duration Before a Past Event\", \"Cause and Effect\", \"Past Perfect vs Past Perfect Continuous\", \"Common Errors\"]',12,'[\"past-perfect-tense\", \"present-perfect-continuous-tense\"]','https://images.unsplash.com/photo-1499750310107-5fef28a66643',NULL),(127,'2026-07-20 10:12:57.554',NULL,NULL,NULL,'future-simple-tense','The Future Simple Tense','Thì tương lai đơn','Study will and the future simple tense for predictions, spontaneous decisions, promises, and future facts.','Nghiên cứu will và thì tương lai đơn cho dự đoán, quyết định tức thời, lời hứa và sự kiện trong tương lai.','...','...','[\"grammar\", \"future-simple\", \"english-tenses\"]',12,'Raymond Murphy','[\"Form\", \"Predictions\", \"Spontaneous Decisions\", \"Promises\", \"Will vs Going To\"]',12,'[\"future-continuous-tense\", \"be-going-to\"]','https://images.unsplash.com/photo-1500534623283-312aade485b7',NULL),(128,'2026-07-20 10:12:58.047',NULL,NULL,NULL,'future-continuous-tense','The Future Continuous Tense','Thì tương lai tiếp diễn','Understand how the future continuous describes actions that will be in progress at a specific future time.','Tìm hiểu cách thì tương lai tiếp diễn mô tả những hành động sẽ đang diễn ra tại một thời điểm cụ thể trong tương lai.','...','...','[\"grammar\", \"future-continuous\", \"english-tenses\"]',13,'Michael Swan','[\"Form\", \"Future Actions in Progress\", \"Polite Questions\", \"Future Time Points\", \"Comparison with Future Simple\"]',12,'[\"future-simple-tense\", \"future-perfect-tense\"]','https://images.unsplash.com/photo-1506784983877-45594efa4cbe',NULL),(129,'2026-07-20 10:12:58.467',NULL,NULL,NULL,'future-perfect-tense','The Future Perfect Tense','Thì tương lai hoàn thành','Learn how the future perfect describes actions that will be completed before a specific future deadline.','Tìm hiểu cách thì tương lai hoàn thành mô tả các hành động sẽ hoàn tất trước một thời điểm cụ thể trong tương lai.','...','...','[\"grammar\", \"future-perfect\", \"english-tenses\"]',14,'Raymond Murphy','[\"Form\", \"Future Deadlines\", \"By and Before\", \"Completed Future Actions\", \"Common Errors\"]',12,'[\"future-perfect-continuous-tense\", \"future-simple-tense\"]','https://images.unsplash.com/photo-1499750310107-5fef28a66643',NULL),(130,'2026-07-20 10:12:58.920',NULL,NULL,NULL,'future-perfect-continuous-tense','The Future Perfect Continuous Tense','Thì tương lai hoàn thành tiếp diễn','Explore how the future perfect continuous emphasizes the duration of an activity continuing up to a future point.','Khám phá cách thì tương lai hoàn thành tiếp diễn nhấn mạnh khoảng thời gian một hoạt động kéo dài đến một thời điểm trong tương lai.','...','...','[\"grammar\", \"future-perfect-continuous\", \"english-tenses\"]',15,'Michael Swan','[\"Form\", \"Duration Until a Future Point\", \"Future Time Expressions\", \"Comparison with Future Perfect\", \"Usage Patterns\"]',12,'[\"future-perfect-tense\", \"present-perfect-continuous-tense\"]','https://images.unsplash.com/photo-1506784983877-45594efa4cbe',NULL),(131,'2026-07-20 10:12:59.407',NULL,NULL,NULL,'be-going-to-future','The Be Going To Future','Cấu trúc Be Going To','Understand how be going to expresses prior plans, intentions, and predictions based on present evidence.','Tìm hiểu cách be going to diễn đạt kế hoạch, ý định đã có từ trước và dự đoán dựa trên bằng chứng hiện tại.','...','...','[\"grammar\", \"future-forms\", \"going-to\"]',12,'Raymond Murphy','[\"Form\", \"Plans and Intentions\", \"Evidence-Based Predictions\", \"Will vs Going To\", \"Common Errors\"]',12,'[\"future-simple-tense\", \"present-continuous-for-future\"]','https://images.unsplash.com/photo-1500534623283-312aade485b7',NULL),(132,'2026-07-20 10:12:59.870',NULL,NULL,NULL,'twelve-english-tenses-complete-system','The Twelve English Tenses: A Complete System','Hệ thống 12 thì trong tiếng Anh','Build a complete mental model of the twelve major English tense forms and understand how time and aspect interact.','Xây dựng mô hình tư duy hoàn chỉnh về 12 thì chính trong tiếng Anh và hiểu cách thời gian kết hợp với thể của động từ.','...','...','[\"grammar\", \"english-tenses\", \"grammar-system\"]',22,'Michael Swan','[\"Time and Aspect\", \"Present Tenses\", \"Past Tenses\", \"Future Tenses\", \"Choosing the Correct Tense\"]',12,'[\"present-simple-tense\", \"past-simple-tense\", \"future-simple-tense\"]','https://images.unsplash.com/photo-1457369804613-52c61a468e7d',NULL),(133,'2026-07-20 10:13:00.361',NULL,NULL,NULL,'zero-conditional','Zero Conditional','Câu điều kiện loại 0','Learn how the zero conditional expresses general truths, facts, routines, and predictable cause-and-effect relationships.','Tìm hiểu cách câu điều kiện loại 0 diễn đạt sự thật chung, sự kiện, thói quen và mối quan hệ nguyên nhân-kết quả có tính quy luật.','...','...','[\"grammar\", \"conditionals\", \"zero-conditional\"]',11,'Raymond Murphy','[\"Structure\", \"General Truths\", \"Scientific Facts\", \"When vs If\", \"Common Errors\"]',12,'[\"first-conditional\", \"second-conditional\"]','https://images.unsplash.com/photo-1635070041078-e363dbe005cb',NULL),(134,'2026-07-20 10:13:00.782',NULL,NULL,NULL,'first-conditional','First Conditional','Câu điều kiện loại 1','Study the first conditional for real and possible future situations and their likely consequences.','Nghiên cứu câu điều kiện loại 1 cho các tình huống có thật hoặc có khả năng xảy ra trong tương lai và kết quả có thể xảy ra.','...','...','[\"grammar\", \"conditionals\", \"first-conditional\"]',12,'Raymond Murphy','[\"Structure\", \"Real Future Possibilities\", \"Unless\", \"Modal Verbs\", \"Common Errors\"]',12,'[\"zero-conditional\", \"second-conditional\"]','https://images.unsplash.com/photo-1500534623283-312aade485b7',NULL),(135,'2026-07-20 10:13:01.219',NULL,NULL,NULL,'second-conditional','Second Conditional','Câu điều kiện loại 2','Understand the second conditional for hypothetical, unlikely, and imaginary present or future situations.','Tìm hiểu câu điều kiện loại 2 cho các tình huống giả định, khó xảy ra hoặc tưởng tượng ở hiện tại và tương lai.','...','...','[\"grammar\", \"conditionals\", \"second-conditional\"]',14,'Michael Swan','[\"Structure\", \"Hypothetical Situations\", \"Were vs Was\", \"Advice with If\", \"Common Errors\"]',12,'[\"first-conditional\", \"third-conditional\"]','https://images.unsplash.com/photo-1499750310107-5fef28a66643',NULL),(136,'2026-07-20 10:13:01.707',NULL,NULL,NULL,'third-conditional','Third Conditional','Câu điều kiện loại 3','Learn how the third conditional expresses unreal past situations, regrets, and hypothetical alternative outcomes.','Tìm hiểu cách câu điều kiện loại 3 diễn đạt các tình huống không có thật trong quá khứ, sự hối tiếc và kết quả giả định.','...','...','[\"grammar\", \"conditionals\", \"third-conditional\"]',15,'Michael Swan','[\"Structure\", \"Unreal Past Situations\", \"Regrets\", \"Alternative Outcomes\", \"Common Errors\"]',12,'[\"second-conditional\", \"mixed-conditionals\"]','https://images.unsplash.com/photo-1506784983877-45594efa4cbe',NULL),(137,'2026-07-20 10:13:02.166',NULL,NULL,NULL,'mixed-conditionals','Mixed Conditionals','Câu điều kiện hỗn hợp','Explore mixed conditionals for connecting hypothetical past causes with present results and present conditions with past consequences.','Khám phá câu điều kiện hỗn hợp để kết nối nguyên nhân giả định trong quá khứ với kết quả hiện tại và điều kiện hiện tại với hệ quả quá khứ.','...','...','[\"grammar\", \"conditionals\", \"mixed-conditionals\"]',17,'Michael Swan','[\"Past Cause and Present Result\", \"Present Condition and Past Result\", \"Meaning and Time\", \"Common Patterns\", \"Common Errors\"]',12,'[\"second-conditional\", \"third-conditional\"]','https://images.unsplash.com/photo-1635070041078-e363dbe005cb',NULL),(138,'2026-07-20 10:13:02.665',NULL,NULL,NULL,'modal-verbs-ability-permission-possibility','Modal Verbs of Ability, Permission, and Possibility','Động từ khuyết thiếu chỉ khả năng, sự cho phép và khả năng xảy ra','Understand how can, could, may, might, and be able to express ability, permission, and possibility.','Tìm hiểu cách can, could, may, might và be able to diễn đạt khả năng, sự cho phép và khả năng xảy ra.','...','...','[\"grammar\", \"modal-verbs\", \"can\", \"could\", \"might\"]',16,'Michael Swan','[\"Can and Could\", \"May and Might\", \"Ability\", \"Permission\", \"Possibility\"]',12,'[\"modal-verbs-obligation-advice\", \"english-auxiliary-verbs\"]','https://images.unsplash.com/photo-1457369804613-52c61a468e7d',NULL),(139,'2026-07-20 10:13:03.083',NULL,NULL,NULL,'modal-verbs-obligation-advice','Modal Verbs of Obligation and Advice','Động từ khuyết thiếu chỉ nghĩa vụ và lời khuyên','Study must, have to, should, ought to, and had better for expressing obligation, necessity, and advice.','Nghiên cứu must, have to, should, ought to và had better để diễn đạt nghĩa vụ, sự cần thiết và lời khuyên.','...','...','[\"grammar\", \"modal-verbs\", \"obligation\", \"advice\"]',15,'Raymond Murphy','[\"Must\", \"Have To\", \"Should\", \"Ought To\", \"Had Better\"]',12,'[\"modal-verbs-ability-permission-possibility\", \"english-auxiliary-verbs\"]','https://images.unsplash.com/photo-1499750310107-5fef28a66643',NULL),(140,'2026-07-20 10:13:03.513',NULL,NULL,NULL,'passive-voice','Passive Voice','Câu bị động','Learn how passive constructions shift focus from the agent to the action, process, or affected object.','Tìm hiểu cách câu bị động chuyển trọng tâm từ người thực hiện sang hành động, quá trình hoặc đối tượng chịu tác động.','...','...','[\"grammar\", \"passive-voice\", \"sentence-structure\"]',17,'Michael Swan','[\"Active and Passive Voice\", \"Passive Form\", \"Passive Tenses\", \"By-Phrases\", \"Common Errors\"]',12,'[\"active-voice\", \"causative-have-and-get\"]','https://images.unsplash.com/photo-1457369804613-52c61a468e7d',NULL),(141,'2026-07-20 10:13:04.002',NULL,NULL,NULL,'reported-speech','Reported Speech','Câu tường thuật','Understand how to report statements, questions, commands, and requests while managing tense and pronoun changes.','Tìm hiểu cách tường thuật câu nói, câu hỏi, mệnh lệnh và yêu cầu trong khi xử lý sự thay đổi về thì và đại từ.','...','...','[\"grammar\", \"reported-speech\", \"indirect-speech\"]',18,'Raymond Murphy','[\"Reported Statements\", \"Backshifting\", \"Reported Questions\", \"Commands and Requests\", \"Reporting Verbs\"]',12,'[\"english-tenses-complete-system\", \"modal-verbs\"]','https://images.unsplash.com/photo-1523240795612-9a054b0db644',NULL),(142,'2026-07-20 10:13:04.465',NULL,NULL,NULL,'relative-clauses','Relative Clauses','Mệnh đề quan hệ','Study defining and non-defining relative clauses and learn how they add information to noun phrases.','Nghiên cứu mệnh đề quan hệ xác định và không xác định, đồng thời tìm hiểu cách chúng bổ sung thông tin cho cụm danh từ.','...','...','[\"grammar\", \"relative-clauses\", \"complex-sentences\"]',17,'Michael Swan','[\"Defining Relative Clauses\", \"Non-Defining Clauses\", \"Relative Pronouns\", \"Omission of Pronouns\", \"Reduced Relative Clauses\"]',12,'[\"noun-clauses\", \"adverbial-clauses\"]','https://images.unsplash.com/photo-1499750310107-5fef28a66643',NULL),(143,'2026-07-20 10:13:04.957',NULL,NULL,NULL,'noun-clauses','Noun Clauses','Mệnh đề danh từ','Learn how clauses can function as nouns and serve as subjects, objects, and complements in complex sentences.','Tìm hiểu cách các mệnh đề có thể đóng vai trò như danh từ và làm chủ ngữ, tân ngữ hoặc bổ ngữ trong câu phức.','...','...','[\"grammar\", \"noun-clauses\", \"complex-sentences\"]',16,'Michael Swan','[\"What Is a Noun Clause?\", \"That-Clauses\", \"Wh-Clauses\", \"Whether and If\", \"Clause Functions\"]',12,'[\"relative-clauses\", \"adverbial-clauses\"]','https://images.unsplash.com/photo-1457369804613-52c61a468e7d',NULL),(144,'2026-07-20 10:13:05.395',NULL,NULL,NULL,'adverbial-clauses','Adverbial Clauses','Mệnh đề trạng ngữ','Explore subordinate clauses expressing time, reason, condition, contrast, purpose, and result.','Khám phá các mệnh đề phụ diễn đạt thời gian, nguyên nhân, điều kiện, tương phản, mục đích và kết quả.','...','...','[\"grammar\", \"adverbial-clauses\", \"complex-sentences\"]',18,'Michael Swan','[\"Time Clauses\", \"Reason Clauses\", \"Condition Clauses\", \"Contrast Clauses\", \"Purpose and Result\"]',12,'[\"relative-clauses\", \"conditional-sentences\"]','https://images.unsplash.com/photo-1506784983877-45594efa4cbe',NULL),(145,'2026-07-20 10:13:05.865',NULL,NULL,NULL,'gerunds-and-infinitives','Gerunds and Infinitives','Gerund và Infinitive','Understand when English verbs are followed by gerunds, infinitives, or both with changes in meaning.','Tìm hiểu khi nào động từ tiếng Anh đi với gerund, infinitive hoặc cả hai với sự thay đổi về ý nghĩa.','...','...','[\"grammar\", \"gerunds\", \"infinitives\"]',18,'Raymond Murphy','[\"Gerunds\", \"Infinitives\", \"Verb Patterns\", \"Meaning Changes\", \"Common Errors\"]',12,'[\"verb-patterns\", \"participles\"]','https://images.unsplash.com/photo-1523240795612-9a054b0db644',NULL),(146,'2026-07-20 10:13:06.353',NULL,NULL,NULL,'english-lexical-collocations','English Lexical Collocations','Collocation trong tiếng Anh','Learn why natural English depends on recurring word combinations and how collocations improve fluency and precision.','Tìm hiểu tại sao tiếng Anh tự nhiên phụ thuộc vào các tổ hợp từ thường đi cùng nhau và cách collocation cải thiện độ trôi chảy và chính xác.','...','...','[\"lexis\", \"collocations\", \"vocabulary\"]',17,'Michael Lewis','[\"What Is a Collocation?\", \"Strong Collocations\", \"Weak Collocations\", \"Academic Collocations\", \"Learning Strategies\"]',12,'[\"lexical-chunks\", \"academic-vocabulary\"]','https://images.unsplash.com/photo-1457369804613-52c61a468e7d',NULL),(147,'2026-07-20 10:13:06.826',NULL,NULL,NULL,'lexical-chunks-and-formulaic-language','Lexical Chunks and Formulaic Language','Cụm từ cố định và ngôn ngữ công thức','Explore how multi-word units such as lexical chunks and formulaic sequences support fluent language production.','Khám phá cách các đơn vị đa từ như lexical chunks và formulaic sequences hỗ trợ quá trình tạo ngôn ngữ trôi chảy.','...','...','[\"lexis\", \"lexical-chunks\", \"fluency\"]',16,'Michael Lewis','[\"Formulaic Sequences\", \"Prefabricated Language\", \"Chunks and Fluency\", \"Noticing Chunks\", \"Learning Techniques\"]',12,'[\"english-lexical-collocations\", \"phrasal-verbs\"]','https://images.unsplash.com/photo-1523240795612-9a054b0db644',NULL),(148,'2026-07-20 10:13:07.323',NULL,NULL,NULL,'phrasal-verbs','Phrasal Verbs','Cụm động từ','Understand how combinations of verbs and particles create meanings that are often different from the individual words.','Tìm hiểu cách sự kết hợp giữa động từ và tiểu từ tạo ra những ý nghĩa thường khác với nghĩa của từng từ riêng lẻ.','...','...','[\"lexis\", \"phrasal-verbs\", \"vocabulary\"]',17,'Michael Swan','[\"What Are Phrasal Verbs?\", \"Separable Phrasal Verbs\", \"Inseparable Phrasal Verbs\", \"Literal and Idiomatic Meaning\", \"Learning Strategies\"]',12,'[\"lexical-chunks-and-formulaic-language\", \"idioms-in-english\"]','https://images.unsplash.com/photo-1499750310107-5fef28a66643',NULL),(149,'2026-07-20 10:13:07.738',NULL,NULL,NULL,'idioms-in-english','English Idioms and Figurative Language','Thành ngữ và ngôn ngữ nghĩa bóng','Explore idioms, metaphors, and figurative expressions that give English communication cultural depth and expressive power.','Khám phá thành ngữ, ẩn dụ và các biểu đạt nghĩa bóng tạo nên chiều sâu văn hóa và sức biểu đạt trong giao tiếp tiếng Anh.','...','...','[\"lexis\", \"idioms\", \"figurative-language\"]',16,'John Ayto','[\"Literal and Figurative Meaning\", \"Common Idioms\", \"Metaphorical Expressions\", \"Cultural Context\", \"Learning Idioms\"]',12,'[\"phrasal-verbs\", \"metaphor-in-language\"]','https://images.unsplash.com/photo-1506784983877-45594efa4cbe',NULL),(150,'2026-07-20 10:13:08.173',NULL,NULL,NULL,'academic-vocabulary','Academic Vocabulary','Từ vựng học thuật','Build a systematic approach to learning academic vocabulary for university study, research, and formal writing.','Xây dựng phương pháp có hệ thống để học từ vựng học thuật phục vụ học tập đại học, nghiên cứu và viết trang trọng.','...','...','[\"lexis\", \"academic-vocabulary\", \"academic-english\"]',18,'Averil Coxhead','[\"Academic Word Families\", \"General Academic Vocabulary\", \"Discipline-Specific Vocabulary\", \"Word Families\", \"Learning Strategies\"]',12,'[\"english-lexical-collocations\", \"word-formation-in-english\"]','https://images.unsplash.com/photo-1523240795612-9a054b0db644',NULL),(151,'2026-07-20 10:13:08.656',NULL,NULL,NULL,'word-formation-in-english','Word Formation in English','Cấu tạo từ trong tiếng Anh','Study prefixes, suffixes, roots, compounding, conversion, and other processes that expand the English lexicon.','Nghiên cứu tiền tố, hậu tố, gốc từ, ghép từ, chuyển loại và các quá trình khác tạo nên vốn từ vựng tiếng Anh.','...','...','[\"lexis\", \"word-formation\", \"morphology\"]',18,'Laurie Bauer','[\"Prefixes\", \"Suffixes\", \"Roots\", \"Compounding\", \"Conversion\"]',12,'[\"academic-vocabulary\", \"morphology-and-word-structure\"]','https://images.unsplash.com/photo-1457369804613-52c61a468e7d',NULL),(152,'2026-07-20 10:13:09.116',NULL,NULL,NULL,'polysemy-homonymy-and-word-meaning','Polysemy, Homonymy, and Word Meaning','Đa nghĩa, đồng âm và ý nghĩa của từ','Understand how words can develop multiple related or unrelated meanings and how context determines interpretation.','Tìm hiểu cách từ có thể phát triển nhiều nghĩa có liên quan hoặc không liên quan và cách ngữ cảnh quyết định cách diễn giải.','...','...','[\"lexis\", \"semantics\", \"word-meaning\"]',16,'John Lyons','[\"Polysemy\", \"Homonymy\", \"Contextual Meaning\", \"Semantic Ambiguity\", \"Learning Strategies\"]',12,'[\"semantic-relations\", \"english-lexical-collocations\"]','https://images.unsplash.com/photo-1635070041078-e363dbe005cb',NULL),(153,'2026-07-20 10:13:09.608',NULL,NULL,NULL,'semantic-relations','Semantic Relations Between Words','Quan hệ ngữ nghĩa giữa các từ','Explore synonymy, antonymy, hyponymy, meronymy, and other relationships that organize the English lexicon.','Khám phá synonymy, antonymy, hyponymy, meronymy và các mối quan hệ khác tổ chức hệ thống từ vựng tiếng Anh.','...','...','[\"lexis\", \"semantics\", \"vocabulary\"]',17,'John Lyons','[\"Synonymy\", \"Antonymy\", \"Hyponymy\", \"Meronymy\", \"Lexical Networks\"]',12,'[\"polysemy-homonymy-and-word-meaning\", \"academic-vocabulary\"]','https://images.unsplash.com/photo-1516321318423-f06f85e504b3',NULL),(154,'2026-07-20 10:13:10.025',NULL,NULL,NULL,'vocabulary-acquisition-and-spaced-repetition','Vocabulary Acquisition and Spaced Repetition','Tiếp thu từ vựng và Spaced Repetition','Learn how memory, retrieval practice, spacing, and repeated exposure contribute to long-term vocabulary acquisition.','Tìm hiểu cách trí nhớ, retrieval practice, spacing và việc tiếp xúc lặp lại góp phần vào quá trình tiếp thu từ vựng dài hạn.','...','...','[\"lexis\", \"vocabulary-learning\", \"spaced-repetition\"]',19,'Paul Nation','[\"Vocabulary Knowledge\", \"Retrieval Practice\", \"Spaced Repetition\", \"Incidental Learning\", \"Designing a Vocabulary System\"]',12,'[\"academic-vocabulary\", \"lexical-chunks-and-formulaic-language\"]','https://images.unsplash.com/photo-1499750310107-5fef28a66643',NULL),(155,'2026-07-20 10:13:10.462',NULL,NULL,NULL,'reading-strategies-academic-english','Reading Strategies for Academic English','Chiến lược đọc tiếng Anh học thuật','Develop efficient reading strategies including skimming, scanning, inference, structural analysis, and critical reading.','Phát triển các chiến lược đọc hiệu quả bao gồm skimming, scanning, suy luận, phân tích cấu trúc và đọc phản biện.','...','...','[\"reading\", \"academic-english\", \"language-skills\"]',17,'Christine Nuttall','[\"Skimming\", \"Scanning\", \"Reading for Inference\", \"Text Structure\", \"Critical Reading\"]',12,'[\"academic-vocabulary\", \"discourse-markers\"]','https://images.unsplash.com/photo-1523240795612-9a054b0db644',NULL),(156,'2026-07-20 10:13:10.959',NULL,NULL,NULL,'listening-comprehension-connected-speech','Listening Comprehension and Connected Speech','Kỹ năng nghe hiểu và Connected Speech','Understand how connected speech, reductions, linking, rhythm, and weak forms affect English listening comprehension.','Tìm hiểu cách connected speech, reductions, linking, rhythm và weak forms ảnh hưởng đến khả năng nghe hiểu tiếng Anh.','...','...','[\"listening\", \"connected-speech\", \"pronunciation\"]',18,'John Field','[\"Connected Speech\", \"Weak Forms\", \"Linking\", \"Reductions\", \"Listening Strategies\"]',12,'[\"english-stress-and-rhythm\", \"english-pronunciation-system\"]','https://images.unsplash.com/photo-1478737270239-2f02b77fc618',NULL),(157,'2026-07-20 10:13:11.429',NULL,NULL,NULL,'english-stress-and-rhythm','English Stress and Rhythm','Trọng âm và nhịp điệu tiếng Anh','Explore word stress, sentence stress, rhythm, and prominence as fundamental features of spoken English.','Khám phá trọng âm từ, trọng âm câu, nhịp điệu và prominence như những đặc điểm nền tảng của tiếng Anh nói.','...','...','[\"pronunciation\", \"stress\", \"rhythm\"]',16,'Peter Roach','[\"Word Stress\", \"Sentence Stress\", \"Content Words\", \"Function Words\", \"Rhythm\"]',12,'[\"listening-comprehension-connected-speech\", \"english-pronunciation-system\"]','https://images.unsplash.com/photo-1478737270239-2f02b77fc618',NULL),(158,'2026-07-20 10:13:11.934',NULL,NULL,NULL,'discourse-markers','Discourse Markers in English','Discourse Markers trong tiếng Anh','Learn how discourse markers organize ideas, signal relationships, and improve coherence in spoken and written English.','Tìm hiểu cách Discourse Markers tổ chức ý tưởng, biểu thị mối quan hệ và cải thiện tính mạch lạc trong tiếng Anh nói và viết.','...','...','[\"discourse\", \"cohesion\", \"academic-english\"]',16,'Deborah Schiffrin','[\"What Are Discourse Markers?\", \"Addition\", \"Contrast\", \"Cause and Result\", \"Conversation Management\"]',12,'[\"academic-writing-structure\", \"semantic-relations\"]','https://images.unsplash.com/photo-1457369804613-52c61a468e7d',NULL),(159,'2026-07-20 10:13:12.352',NULL,NULL,NULL,'communicative-language-teaching','Communicative Language Teaching','Phương pháp dạy học ngôn ngữ giao tiếp','Explore Communicative Language Teaching and its focus on meaningful interaction, communicative competence, and authentic language use.','Khám phá phương pháp dạy học ngôn ngữ giao tiếp với trọng tâm là tương tác có ý nghĩa, năng lực giao tiếp và việc sử dụng ngôn ngữ thực tế.','...','...','[\"language-teaching\", \"clt\", \"pedagogy\"]',20,'Jack C. Richards','[\"Communicative Competence\", \"Meaningful Interaction\", \"Teacher Roles\", \"Learner Roles\", \"Classroom Activities\"]',12,'[\"task-based-language-teaching\", \"grammar-translation-method\"]','https://images.unsplash.com/photo-1523240795612-9a054b0db644',NULL),(160,'2026-07-20 10:13:12.788',NULL,NULL,NULL,'task-based-language-teaching','Task-Based Language Teaching','Dạy học ngôn ngữ dựa trên nhiệm vụ','Understand how task-based language teaching uses meaningful tasks as the central unit of language learning and classroom interaction.','Tìm hiểu cách phương pháp dạy học dựa trên nhiệm vụ sử dụng các nhiệm vụ có ý nghĩa làm đơn vị trung tâm của việc học ngôn ngữ và tương tác lớp học.','...','...','[\"language-teaching\", \"tblt\", \"pedagogy\"]',21,'Rod Ellis','[\"What Is a Task?\", \"Pre-Task Phase\", \"Task Cycle\", \"Language Focus\", \"Assessment\"]',12,'[\"communicative-language-teaching\", \"content-and-language-integrated-learning\"]','https://images.unsplash.com/photo-1523240795612-9a054b0db644',NULL),(161,'2026-07-20 10:13:13.278',NULL,NULL,NULL,'grammar-translation-method','Grammar Translation Method','Phương pháp Ngữ pháp - Dịch','Examine the historical Grammar Translation Method and its focus on explicit grammar instruction, translation, and written accuracy.','Phân tích phương pháp Ngữ pháp - Dịch và trọng tâm của nó vào giảng dạy ngữ pháp tường minh, dịch thuật và độ chính xác trong văn viết.','...','...','[\"language-teaching\", \"grammar-translation\", \"pedagogy\"]',17,'Diane Larsen-Freeman','[\"Historical Background\", \"Grammar Instruction\", \"Translation\", \"Reading and Writing\", \"Strengths and Limitations\"]',12,'[\"communicative-language-teaching\", \"direct-method-language-teaching\"]','https://images.unsplash.com/photo-1457369804613-52c61a468e7d',NULL),(162,'2026-07-20 10:13:13.732',NULL,NULL,NULL,'direct-method-language-teaching','The Direct Method','Phương pháp Trực tiếp','Study the Direct Method and its emphasis on target-language instruction, oral communication, and inductive grammar learning.','Nghiên cứu Phương pháp Trực tiếp với trọng tâm là giảng dạy bằng ngôn ngữ đích, giao tiếp bằng lời nói và học ngữ pháp theo phương pháp quy nạp.','...','...','[\"language-teaching\", \"direct-method\", \"pedagogy\"]',16,'Diane Larsen-Freeman','[\"Target Language Use\", \"Oral Interaction\", \"Inductive Grammar\", \"Vocabulary Teaching\", \"Historical Influence\"]',12,'[\"grammar-translation-method\", \"communicative-language-teaching\"]','https://images.unsplash.com/photo-1523240795612-9a054b0db644',NULL),(163,'2026-07-20 10:13:14.224',NULL,NULL,NULL,'content-and-language-integrated-learning','Content and Language Integrated Learning','Dạy học tích hợp nội dung và ngôn ngữ','Explore CLIL as an approach that integrates subject matter learning with second-language development.','Khám phá CLIL như một phương pháp tích hợp việc học nội dung chuyên môn với quá trình phát triển ngôn ngữ thứ hai.','...','...','[\"language-teaching\", \"clil\", \"bilingual-education\"]',19,'David Marsh','[\"The CLIL Framework\", \"Content\", \"Communication\", \"Cognition\", \"Culture\"]',12,'[\"task-based-language-teaching\", \"communicative-language-teaching\"]','https://images.unsplash.com/photo-1523240795612-9a054b0db644',NULL),(164,'2026-07-20 10:13:14.645',NULL,NULL,NULL,'explicit-and-implicit-language-learning','Explicit and Implicit Language Learning','Học ngôn ngữ tường minh và ngầm ẩn','Compare explicit and implicit approaches to language learning and examine how conscious instruction and incidental acquisition interact.','So sánh phương pháp học ngôn ngữ tường minh và ngầm ẩn, đồng thời phân tích sự tương tác giữa giảng dạy có ý thức và tiếp thu ngẫu nhiên.','...','...','[\"language-learning\", \"language-teaching\", \"pedagogy\"]',20,'Rod Ellis','[\"Explicit Learning\", \"Implicit Learning\", \"Conscious Awareness\", \"Incidental Acquisition\", \"Instructional Implications\"]',12,'[\"vocabulary-acquisition-and-spaced-repetition\", \"communicative-language-teaching\"]','https://images.unsplash.com/photo-1499750310107-5fef28a66643',NULL),(165,'2026-07-20 10:13:15.075',NULL,NULL,NULL,'teaching-grammar-inductively-and-deductively','Teaching Grammar Inductively and Deductively','Dạy ngữ pháp theo phương pháp quy nạp và diễn dịch','Compare inductive and deductive grammar teaching and examine when each approach is most effective for different learners and contexts.','So sánh dạy ngữ pháp theo phương pháp quy nạp và diễn dịch, đồng thời xem xét khi nào mỗi phương pháp phù hợp với từng người học và bối cảnh.','...','...','[\"language-teaching\", \"grammar-teaching\", \"pedagogy\"]',18,'Penny Ur','[\"Deductive Teaching\", \"Inductive Teaching\", \"Discovery Learning\", \"Learner Variables\", \"Classroom Applications\"]',12,'[\"explicit-and-implicit-language-learning\", \"communicative-language-teaching\"]','https://images.unsplash.com/photo-1457369804613-52c61a468e7d',NULL),(166,'2026-07-20 10:13:15.558',NULL,NULL,NULL,'corrective-feedback-language-learning','Corrective Feedback in Language Learning','Phản hồi sửa lỗi trong học ngôn ngữ','Study different forms of corrective feedback and how they influence learner accuracy, fluency, and language development.','Nghiên cứu các hình thức phản hồi sửa lỗi và cách chúng ảnh hưởng đến độ chính xác, độ trôi chảy và sự phát triển ngôn ngữ của người học.','...','...','[\"language-teaching\", \"corrective-feedback\", \"second-language-acquisition\"]',20,'Roy Lyster','[\"Why Correct Errors?\", \"Explicit Correction\", \"Recasts\", \"Prompts\", \"Feedback and Fluency\"]',12,'[\"explicit-and-implicit-language-learning\", \"communicative-language-teaching\"]','https://images.unsplash.com/photo-1523240795612-9a054b0db644',NULL),(167,'2026-07-20 10:13:16.016',NULL,NULL,NULL,'second-language-acquisition','Second Language Acquisition','Tiếp thu ngôn ngữ thứ hai','Explore the major theories and factors involved in how learners acquire a language beyond their first language.','Khám phá các lý thuyết và yếu tố chính liên quan đến cách người học tiếp thu một ngôn ngữ ngoài tiếng mẹ đẻ.','...','...','[\"second-language-acquisition\", \"language-learning\", \"linguistics\"]',22,'Rod Ellis','[\"Input\", \"Interaction\", \"Output\", \"Individual Differences\", \"Major SLA Theories\"]',12,'[\"explicit-and-implicit-language-learning\", \"corrective-feedback-language-learning\"]','https://images.unsplash.com/photo-1523240795612-9a054b0db644',NULL),(168,'2026-07-20 10:13:16.505',NULL,NULL,NULL,'communicative-competence','Communicative Competence','Năng lực giao tiếp','Understand communicative competence as a multidimensional ability involving grammatical, sociolinguistic, discourse, and strategic knowledge.','Tìm hiểu năng lực giao tiếp như một khả năng đa chiều bao gồm kiến thức ngữ pháp, xã hội-ngôn ngữ, diễn ngôn và chiến lược.','...','...','[\"language-teaching\", \"communicative-competence\", \"linguistics\"]',18,'Dell Hymes','[\"Grammatical Competence\", \"Sociolinguistic Competence\", \"Discourse Competence\", \"Strategic Competence\", \"Language Teaching\"]',12,'[\"communicative-language-teaching\", \"discourse-markers\"]','https://images.unsplash.com/photo-1523240795612-9a054b0db644',NULL),(169,'2026-07-20 10:13:16.926',NULL,NULL,NULL,'formative-and-summative-language-assessment','Formative and Summative Assessment in Language Learning','Đánh giá quá trình và đánh giá tổng kết trong học ngôn ngữ','Explore formative and summative assessment and how language teachers can use assessment to measure progress and guide instruction.','Khám phá đánh giá quá trình và đánh giá tổng kết, cũng như cách giáo viên ngôn ngữ sử dụng đánh giá để đo lường tiến bộ và định hướng giảng dạy.','...','...','[\"language-assessment\", \"formative-assessment\", \"summative-assessment\"]',19,'Lyle F. Bachman','[\"Formative Assessment\", \"Summative Assessment\", \"Validity\", \"Reliability\", \"Assessment for Learning\"]',12,'[\"communicative-competence\", \"corrective-feedback-language-learning\"]','https://images.unsplash.com/photo-1499750310107-5fef28a66643',NULL),(170,'2026-07-20 10:13:17.365',NULL,NULL,NULL,'project-based-language-learning','Teaching English Through Project-Based Learning','Dạy tiếng Anh thông qua học tập dựa trên dự án','Learn how project-based learning integrates language development, collaboration, research, and authentic problem-solving.','Tìm hiểu cách học tập dựa trên dự án kết hợp phát triển ngôn ngữ, hợp tác, nghiên cứu và giải quyết vấn đề thực tế.','...','...','[\"language-teaching\", \"project-based-learning\", \"pedagogy\"]',19,'Thomas Markham','[\"Project-Based Learning\", \"Authentic Problems\", \"Collaboration\", \"Language Output\", \"Assessment\"]',12,'[\"task-based-language-teaching\", \"content-and-language-integrated-learning\"]','https://images.unsplash.com/photo-1523240795612-9a054b0db644',NULL);
/*!40000 ALTER TABLE `article` ENABLE KEYS */;
UNLOCK TABLES;

--
-- Table structure for table `categories`
--

DROP TABLE IF EXISTS `categories`;
/*!40101 SET @saved_cs_client     = @@character_set_client */;
/*!50503 SET character_set_client = utf8mb4 */;
CREATE TABLE `categories` (
  `id` int NOT NULL AUTO_INCREMENT,
  `created_at` datetime(3) NOT NULL DEFAULT CURRENT_TIMESTAMP(3),
  `updated_at` datetime(3) DEFAULT NULL,
  `created_by` int DEFAULT NULL,
  `updated_by` int DEFAULT NULL,
  `slug` varchar(191) COLLATE utf8mb4_unicode_ci NOT NULL,
  `icon` varchar(191) COLLATE utf8mb4_unicode_ci NOT NULL,
  `description` varchar(191) COLLATE utf8mb4_unicode_ci NOT NULL,
  `title` varchar(191) COLLATE utf8mb4_unicode_ci NOT NULL,
  `code` varchar(191) COLLATE utf8mb4_unicode_ci NOT NULL,
  `description_vi` varchar(191) COLLATE utf8mb4_unicode_ci DEFAULT NULL,
  `title_vi` varchar(191) COLLATE utf8mb4_unicode_ci DEFAULT NULL,
  PRIMARY KEY (`id`),
  UNIQUE KEY `categories_code_key` (`code`)
) ENGINE=InnoDB AUTO_INCREMENT=15 DEFAULT CHARSET=utf8mb4 COLLATE=utf8mb4_unicode_ci;
/*!40101 SET character_set_client = @saved_cs_client */;

--
-- Dumping data for table `categories`
--

LOCK TABLES `categories` WRITE;
/*!40000 ALTER TABLE `categories` DISABLE KEYS */;
INSERT INTO `categories` VALUES (1,'2026-07-20 04:22:14.825',NULL,NULL,NULL,'computer-science','Cpu','Theoretical foundations, computational models, complexity theory, and core academic principles.','Computer science','cs','Các nền tảng lý thuyết, mô hình tính toán, lý thuyết độ phức tạp và các nguyên tắc học thuật cốt lõi.','Khoa học máy tính'),(2,'2026-07-20 04:23:05.235',NULL,NULL,NULL,'artificial-intelligence','Brain','Heuristic search, expert systems, agent architectures, and natural language processing techniques.','Artificial Intelligence','ai','Tìm kiếm theo phương pháp heuristic, hệ thống chuyên gia, kiến ​​trúc tác nhân và các kỹ thuật xử lý ngôn ngữ tự nhiên.','Trí tuệ nhân tạo'),(3,'2026-07-20 04:23:34.979',NULL,NULL,NULL,'machine-learning','Dna','Supervised and unsupervised learning, deep neural networks, backpropagation, and training methodologies  .','Machine Learning','ml','Học có giám sát và không giám sát, mạng nơ-ron sâu, thuật toán lan truyền ngược và các phương pháp huấn luyện.','Học máy'),(4,'2026-07-20 04:24:08.000',NULL,NULL,NULL,'software-engineering','Layers','Design principles, architectural patterns (SOLID, Clean Architecture), and software development lifecycles.','Software engineering','se','Các nguyên tắc thiết kế, mô hình kiến ​​trúc (SOLID, Clean Architecture) và vòng đời phát triển phần mềm.','Kỹ thuật phần mềm'),(5,'2026-07-20 05:42:54.521',NULL,NULL,NULL,'system-design','GitBranch','Scalability, high availability, load balancing, caching, and distributed system architectures.','System Design','sd','Khả năng mở rộng, tính sẵn sàng cao, cân bằng tải, bộ nhớ đệm và kiến ​​trúc hệ thống phân tán.','Thiết kế hệ thống'),(6,'2026-07-20 05:43:14.744',NULL,NULL,NULL,'programming','GitBranch','In-depth explorations of modern languages (TypeScript, Go, Rust) and runtime engines.','Programming','prog','Khám phá chuyên sâu về các ngôn ngữ lập trình hiện đại (TypeScript, Go, Rust) và các công cụ thực thi mã.','Lập trình'),(7,'2026-07-20 05:43:34.099',NULL,NULL,NULL,'algorithms','Binary','Search, sort, dynamic programming, graph algorithms, and asymptotic complexity analysis.','Algorithms','algo','Tìm kiếm, sắp xếp, lập trình động, thuật toán đồ thị và phân tích độ phức tạp tiệm cận.','Thuật toán'),(8,'2026-07-20 05:44:02.880',NULL,NULL,NULL,'data-structures','FolderGit','Fundamental memory structures: trees, graphs, heaps, hash tables, and advanced indexing.','Data Structures','ds','Các cấu trúc bộ nhớ cơ bản: cây, đồ thị, đống, bảng băm và lập chỉ mục nâng cao.','Cấu trúc dữ liệu'),(9,'2026-07-20 05:44:26.293',NULL,NULL,NULL,'databases','Database','Relational systems, ACID guarantees, NoSQL, distributed consistency models, and indexing strategies.','Databases','db','Các hệ thống quan hệ, đảm bảo ACID, NoSQL, mô hình nhất quán phân tán và chiến lược lập chỉ mục.','Cơ sở dữ liệu'),(10,'2026-07-20 05:44:45.886',NULL,NULL,NULL,'operating-systems','Terminal','Kernel architectures, process scheduling, memory management, virtual memory, and I/O systems.','Operating Systems','os','Kiến trúc nhân hệ điều hành, lập lịch tiến trình, quản lý bộ nhớ, bộ nhớ ảo và hệ thống I/O.','Hệ điều hành'),(11,'2026-07-20 05:45:13.642',NULL,NULL,NULL,'networking','Globe','TCP/IP stack, socket programming, application protocols, routing algorithms, and network security.','Networking','net','Ngăn xếp TCP/IP, lập trình socket, giao thức ứng dụng, thuật toán định tuyến và bảo mật mạng.','Mạng'),(12,'2026-07-20 05:45:34.826',NULL,NULL,NULL,'english-learning','Languages','Linguistic techniques, professional technical writing, and communication strategies for global SWEs.','English Learning','eng','Các kỹ thuật ngôn ngữ, viết báo cáo kỹ thuật chuyên nghiệp và chiến lược giao tiếp dành cho kỹ sư phần mềm toàn cầu.','Tiếng anh'),(13,'2026-07-20 05:45:51.916',NULL,NULL,NULL,'research','BookOpen','Academic writing, literature review methods, thesis structures, and rigorous research methodologies.','Research','res','Viết luận học thuật, phương pháp tổng quan tài liệu, cấu trúc luận văn và phương pháp nghiên cứu nghiêm túc.','Nghiên cứu'),(14,'2026-07-20 05:46:09.690','2026-07-20 06:52:22.048',NULL,NULL,'career','Briefcase','Insights on tech leadership, mentoring, interview prep, and navigating the software engineering career ladder.','Career','car','Những hiểu biết sâu sắc về kỹ năng lãnh đạo trong lĩnh vực công nghệ, cố vấn, chuẩn bị phỏng vấn và định hướng con đường sự nghiệp kỹ sư phần mềm.','Sự nghiệp');
/*!40000 ALTER TABLE `categories` ENABLE KEYS */;
UNLOCK TABLES;

--
-- Table structure for table `tags`
--

DROP TABLE IF EXISTS `tags`;
/*!40101 SET @saved_cs_client     = @@character_set_client */;
/*!50503 SET character_set_client = utf8mb4 */;
CREATE TABLE `tags` (
  `id` int NOT NULL AUTO_INCREMENT,
  `created_at` datetime(3) NOT NULL DEFAULT CURRENT_TIMESTAMP(3),
  `updated_at` datetime(3) DEFAULT NULL,
  `created_by` int DEFAULT NULL,
  `updated_by` int DEFAULT NULL,
  `slug` varchar(191) COLLATE utf8mb4_unicode_ci NOT NULL,
  `code` varchar(191) COLLATE utf8mb4_unicode_ci NOT NULL,
  PRIMARY KEY (`id`),
  UNIQUE KEY `tags_code_key` (`code`)
) ENGINE=InnoDB AUTO_INCREMENT=314 DEFAULT CHARSET=utf8mb4 COLLATE=utf8mb4_unicode_ci;
/*!40101 SET character_set_client = @saved_cs_client */;

--
-- Dumping data for table `tags`
--

LOCK TABLES `tags` WRITE;
/*!40000 ALTER TABLE `tags` DISABLE KEYS */;
INSERT INTO `tags` VALUES (1,'2026-07-21 20:48:33.062',NULL,NULL,NULL,'language-teaching','langteach'),(2,'2026-07-21 20:48:33.062',NULL,NULL,NULL,'project-based-learning','projlearn'),(3,'2026-07-21 20:48:33.062',NULL,NULL,NULL,'pedagogy','pedagogy'),(4,'2026-07-21 20:48:33.062',NULL,NULL,NULL,'language-assessment','langassess'),(5,'2026-07-21 20:48:33.062',NULL,NULL,NULL,'formative-assessment','formassess'),(6,'2026-07-21 20:48:33.062',NULL,NULL,NULL,'summative-assessment','summassess'),(7,'2026-07-21 20:48:33.062',NULL,NULL,NULL,'communicative-competence','commcompet'),(8,'2026-07-21 20:48:33.062',NULL,NULL,NULL,'linguistics','linguistics'),(9,'2026-07-21 20:48:33.062',NULL,NULL,NULL,'second-language-acquisition','secondlang'),(10,'2026-07-21 20:48:33.062',NULL,NULL,NULL,'language-learning','langlearn'),(11,'2026-07-21 20:48:33.062',NULL,NULL,NULL,'corrective-feedback','corrfeedback'),(12,'2026-07-21 20:48:33.062',NULL,NULL,NULL,'grammar-teaching','gramteach'),(13,'2026-07-21 20:48:33.062',NULL,NULL,NULL,'clil','clil'),(14,'2026-07-21 20:48:33.062',NULL,NULL,NULL,'bilingual-education','bilingedu'),(15,'2026-07-21 20:48:33.062',NULL,NULL,NULL,'direct-method','directmethod'),(16,'2026-07-21 20:48:33.062',NULL,NULL,NULL,'grammar-translation','gramtrans'),(17,'2026-07-21 20:48:33.062',NULL,NULL,NULL,'tblt','tblt'),(18,'2026-07-21 20:48:33.062',NULL,NULL,NULL,'clt','clt'),(19,'2026-07-21 20:48:33.062',NULL,NULL,NULL,'discourse','discourse'),(20,'2026-07-21 20:48:33.062',NULL,NULL,NULL,'cohesion','cohesion'),(21,'2026-07-21 20:48:33.062',NULL,NULL,NULL,'academic-english','acadenglish'),(22,'2026-07-21 20:48:33.062',NULL,NULL,NULL,'pronunciation','pronunciation'),(23,'2026-07-21 20:48:33.062',NULL,NULL,NULL,'stress','stress'),(24,'2026-07-21 20:48:33.062',NULL,NULL,NULL,'rhythm','rhythm'),(25,'2026-07-21 20:48:33.062',NULL,NULL,NULL,'listening','listening'),(26,'2026-07-21 20:48:33.062',NULL,NULL,NULL,'connected-speech','connectedspeech'),(27,'2026-07-21 20:48:33.062',NULL,NULL,NULL,'reading','reading'),(28,'2026-07-21 20:48:33.062',NULL,NULL,NULL,'language-skills','langskills'),(29,'2026-07-21 20:48:33.062',NULL,NULL,NULL,'lexis','lexis'),(30,'2026-07-21 20:48:33.062',NULL,NULL,NULL,'vocabulary-learning','vocablearn'),(31,'2026-07-21 20:48:33.062',NULL,NULL,NULL,'spaced-repetition','spacedrep'),(32,'2026-07-21 20:48:33.062',NULL,NULL,NULL,'semantics','semantics'),(33,'2026-07-21 20:48:33.062',NULL,NULL,NULL,'vocabulary','vocabulary'),(34,'2026-07-21 20:48:33.062',NULL,NULL,NULL,'word-meaning','wordmeaning'),(35,'2026-07-21 20:48:33.062',NULL,NULL,NULL,'word-formation','wordformation'),(36,'2026-07-21 20:48:33.062',NULL,NULL,NULL,'morphology','morphology'),(37,'2026-07-21 20:48:33.062',NULL,NULL,NULL,'academic-vocabulary','acadvocab'),(38,'2026-07-21 20:48:33.062',NULL,NULL,NULL,'idioms','idioms'),(39,'2026-07-21 20:48:33.062',NULL,NULL,NULL,'figurative-language','figurativelang'),(40,'2026-07-21 20:48:33.062',NULL,NULL,NULL,'phrasal-verbs','phrasalverbs'),(41,'2026-07-21 20:48:33.062',NULL,NULL,NULL,'lexical-chunks','lexchunks'),(42,'2026-07-21 20:48:33.062',NULL,NULL,NULL,'fluency','fluency'),(43,'2026-07-21 20:48:33.062',NULL,NULL,NULL,'collocations','collocations'),(44,'2026-07-21 20:48:33.062',NULL,NULL,NULL,'grammar','grammar'),(45,'2026-07-21 20:48:33.062',NULL,NULL,NULL,'gerunds','gerunds'),(46,'2026-07-21 20:48:33.062',NULL,NULL,NULL,'infinitives','infinitives'),(47,'2026-07-21 20:48:33.062',NULL,NULL,NULL,'adverbial-clauses','advclauses'),(48,'2026-07-21 20:48:33.062',NULL,NULL,NULL,'complex-sentences','complexsent'),(49,'2026-07-21 20:48:33.062',NULL,NULL,NULL,'noun-clauses','nounclauses'),(50,'2026-07-21 20:48:33.062',NULL,NULL,NULL,'relative-clauses','relclauses'),(51,'2026-07-21 20:48:33.062',NULL,NULL,NULL,'reported-speech','reportedspeech'),(52,'2026-07-21 20:48:33.062',NULL,NULL,NULL,'indirect-speech','indirectspeech'),(53,'2026-07-21 20:48:33.062',NULL,NULL,NULL,'passive-voice','passivevoice'),(54,'2026-07-21 20:48:33.062',NULL,NULL,NULL,'sentence-structure','sentstructure'),(55,'2026-07-21 20:48:33.062',NULL,NULL,NULL,'modal-verbs','modalverbs'),(56,'2026-07-21 20:48:33.062',NULL,NULL,NULL,'obligation','obligation'),(57,'2026-07-21 20:48:33.062',NULL,NULL,NULL,'advice','advice'),(58,'2026-07-21 20:48:33.062',NULL,NULL,NULL,'can','can'),(59,'2026-07-21 20:48:33.062',NULL,NULL,NULL,'could','could'),(60,'2026-07-21 20:48:33.062',NULL,NULL,NULL,'might','might'),(61,'2026-07-21 20:48:33.062',NULL,NULL,NULL,'conditionals','conditionals'),(62,'2026-07-21 20:48:33.062',NULL,NULL,NULL,'mixed-conditionals','mixedconds'),(63,'2026-07-21 20:48:33.062',NULL,NULL,NULL,'third-conditional','thirdcond'),(64,'2026-07-21 20:48:33.062',NULL,NULL,NULL,'second-conditional','secondcond'),(65,'2026-07-21 20:48:33.062',NULL,NULL,NULL,'first-conditional','firstcond'),(66,'2026-07-21 20:48:33.062',NULL,NULL,NULL,'zero-conditional','zerocond'),(67,'2026-07-21 20:48:33.062',NULL,NULL,NULL,'english-tenses','engtenses'),(68,'2026-07-21 20:48:33.062',NULL,NULL,NULL,'grammar-system','gramsystem'),(69,'2026-07-21 20:48:33.062',NULL,NULL,NULL,'future-forms','futureforms'),(70,'2026-07-21 20:48:33.062',NULL,NULL,NULL,'going-to','goingto'),(71,'2026-07-21 20:48:33.062',NULL,NULL,NULL,'future-perfect-continuous','futureperfcont'),(72,'2026-07-21 20:48:33.062',NULL,NULL,NULL,'future-perfect','futureperfect'),(73,'2026-07-21 20:48:33.062',NULL,NULL,NULL,'future-continuous','futurecont'),(74,'2026-07-21 20:48:33.062',NULL,NULL,NULL,'future-simple','futuresimple'),(75,'2026-07-21 20:48:33.062',NULL,NULL,NULL,'past-perfect-continuous','pastperfcont'),(76,'2026-07-21 20:48:33.062',NULL,NULL,NULL,'past-perfect','pastperfect'),(77,'2026-07-21 20:48:33.062',NULL,NULL,NULL,'past-continuous','pastcont'),(78,'2026-07-21 20:48:33.062',NULL,NULL,NULL,'past-simple','pastsimple'),(79,'2026-07-21 20:48:33.062',NULL,NULL,NULL,'present-perfect-continuous','presperfcont'),(80,'2026-07-21 20:48:33.062',NULL,NULL,NULL,'present-perfect','presentperfect'),(81,'2026-07-21 20:48:33.062',NULL,NULL,NULL,'present-continuous','presentcont'),(82,'2026-07-21 20:48:33.062',NULL,NULL,NULL,'present-simple','presentsimple'),(83,'2026-07-21 20:48:33.062',NULL,NULL,NULL,'sharding','sharding'),(84,'2026-07-21 20:48:33.062',NULL,NULL,NULL,'distributed-databases','distdb'),(85,'2026-07-21 20:48:33.062',NULL,NULL,NULL,'database-scaling','dbscaling'),(86,'2026-07-21 20:48:33.062',NULL,NULL,NULL,'horizontal-scaling','horizscale'),(87,'2026-07-21 20:48:33.062',NULL,NULL,NULL,'vertical-scaling','vertscale'),(88,'2026-07-21 20:48:33.062',NULL,NULL,NULL,'nosql','nosql'),(89,'2026-07-21 20:48:33.062',NULL,NULL,NULL,'database-systems','dbsystems'),(90,'2026-07-21 20:48:33.062',NULL,NULL,NULL,'sql','sql'),(91,'2026-07-21 20:48:33.062',NULL,NULL,NULL,'relational-databases','reldb'),(92,'2026-07-21 20:48:33.062',NULL,NULL,NULL,'database-design','dbdesign'),(93,'2026-07-21 20:48:33.062',NULL,NULL,NULL,'fenwick-tree','fenwicktree'),(94,'2026-07-21 20:48:33.062',NULL,NULL,NULL,'binary-indexed-tree','binaryindexed'),(95,'2026-07-21 20:48:33.062',NULL,NULL,NULL,'range-queries','rangequeries'),(96,'2026-07-21 20:48:33.062',NULL,NULL,NULL,'segment-trees','segmenttrees'),(97,'2026-07-21 20:48:33.062',NULL,NULL,NULL,'data-structures','datastruct'),(98,'2026-07-21 20:48:33.062',NULL,NULL,NULL,'union-find','unionfind'),(99,'2026-07-21 20:48:33.062',NULL,NULL,NULL,'disjoint-set','disjointset'),(100,'2026-07-21 20:48:33.062',NULL,NULL,NULL,'graphs','graphs'),(101,'2026-07-21 20:48:33.062',NULL,NULL,NULL,'adjacency-list','adjlist'),(102,'2026-07-21 20:48:33.062',NULL,NULL,NULL,'adjacency-matrix','adjmatrix'),(103,'2026-07-21 20:48:33.062',NULL,NULL,NULL,'graph-representation','graphrepr'),(104,'2026-07-21 20:48:33.062',NULL,NULL,NULL,'tries','tries'),(105,'2026-07-21 20:48:33.062',NULL,NULL,NULL,'prefix-trees','prefixtrees'),(106,'2026-07-21 20:48:33.062',NULL,NULL,NULL,'strings','strings'),(107,'2026-07-21 20:48:33.062',NULL,NULL,NULL,'binary-heaps','binaryheaps'),(108,'2026-07-21 20:48:33.062',NULL,NULL,NULL,'heaps','heaps'),(109,'2026-07-21 20:48:33.062',NULL,NULL,NULL,'priority-queues','priorityqueues'),(110,'2026-07-21 20:48:33.062',NULL,NULL,NULL,'balanced-trees','balancedtrees'),(111,'2026-07-21 20:48:33.062',NULL,NULL,NULL,'avl-trees','avltrees'),(112,'2026-07-21 20:48:33.062',NULL,NULL,NULL,'red-black-trees','redblacktrees'),(113,'2026-07-21 20:48:33.062',NULL,NULL,NULL,'binary-search-trees','binarysearchtrees'),(114,'2026-07-21 20:48:33.062',NULL,NULL,NULL,'bst','bst'),(115,'2026-07-21 20:48:33.062',NULL,NULL,NULL,'trees','trees'),(116,'2026-07-21 20:48:33.062',NULL,NULL,NULL,'binary-trees','binarytrees'),(117,'2026-07-21 20:48:33.062',NULL,NULL,NULL,'recursion','recursion'),(118,'2026-07-21 20:48:33.062',NULL,NULL,NULL,'hierarchical-data','hierdata'),(119,'2026-07-21 20:48:33.062',NULL,NULL,NULL,'hash-tables','hashtables'),(120,'2026-07-21 20:48:33.062',NULL,NULL,NULL,'collision-resolution','collisionres'),(121,'2026-07-21 20:48:33.062',NULL,NULL,NULL,'hashing','hashing'),(122,'2026-07-21 20:48:33.062',NULL,NULL,NULL,'hash-functions','hashfunctions'),(123,'2026-07-21 20:48:33.062',NULL,NULL,NULL,'algorithms','algorithms'),(124,'2026-07-21 20:48:33.062',NULL,NULL,NULL,'key-value','keyvalue'),(125,'2026-07-21 20:48:33.062',NULL,NULL,NULL,'deque','deque'),(126,'2026-07-21 20:48:33.062',NULL,NULL,NULL,'queues','queues'),(127,'2026-07-21 20:48:33.062',NULL,NULL,NULL,'stacks','stacks'),(128,'2026-07-21 20:48:33.062',NULL,NULL,NULL,'fifo','fifo'),(129,'2026-07-21 20:48:33.062',NULL,NULL,NULL,'lifo','lifo'),(130,'2026-07-21 20:48:33.062',NULL,NULL,NULL,'linked-lists','linkedlists'),(131,'2026-07-21 20:48:33.062',NULL,NULL,NULL,'pointers','pointers'),(132,'2026-07-21 20:48:33.062',NULL,NULL,NULL,'dynamic-arrays','dynamicarrays'),(133,'2026-07-21 20:48:33.062',NULL,NULL,NULL,'arrays','arrays'),(134,'2026-07-21 20:48:33.062',NULL,NULL,NULL,'amortized-analysis','amortized'),(135,'2026-07-21 20:48:33.062',NULL,NULL,NULL,'memory','memory'),(136,'2026-07-21 20:48:33.062',NULL,NULL,NULL,'suffix-arrays','suffixarrays'),(137,'2026-07-21 20:48:33.062',NULL,NULL,NULL,'string-algorithms','stringalgos'),(138,'2026-07-21 20:48:33.062',NULL,NULL,NULL,'text-indexing','textindexing'),(139,'2026-07-21 20:48:33.062',NULL,NULL,NULL,'sorting','sorting'),(140,'2026-07-21 20:48:33.062',NULL,NULL,NULL,'complexity','complexity'),(141,'2026-07-21 20:48:33.062',NULL,NULL,NULL,'parallel-algorithms','parallelalgos'),(142,'2026-07-21 20:48:33.062',NULL,NULL,NULL,'parallel-computing','parallelcomputing'),(143,'2026-07-21 20:48:33.062',NULL,NULL,NULL,'online-algorithms','onlinealgos'),(144,'2026-07-21 20:48:33.062',NULL,NULL,NULL,'competitive-analysis','competitive'),(145,'2026-07-21 20:48:33.062',NULL,NULL,NULL,'optimization','optimization'),(146,'2026-07-21 20:48:33.062',NULL,NULL,NULL,'lower-bounds','lowerbounds'),(147,'2026-07-21 20:48:33.062',NULL,NULL,NULL,'algorithm-analysis','algoanalysis'),(148,'2026-07-21 20:48:33.062',NULL,NULL,NULL,'tsp','tsp'),(149,'2026-07-21 20:48:33.062',NULL,NULL,NULL,'combinatorial-optimization','combinopt'),(150,'2026-07-21 20:48:33.062',NULL,NULL,NULL,'np-hard','nphard'),(151,'2026-07-21 20:48:33.062',NULL,NULL,NULL,'p-vs-np','pvnp'),(152,'2026-07-21 20:48:33.062',NULL,NULL,NULL,'complexity-theory','complexitytheory'),(153,'2026-07-21 20:48:33.062',NULL,NULL,NULL,'computational-complexity','compcomplexity'),(154,'2026-07-21 20:48:33.062',NULL,NULL,NULL,'np-completeness','npcomplete'),(155,'2026-07-21 20:48:33.062',NULL,NULL,NULL,'reductions','reductions'),(156,'2026-07-21 20:48:33.062',NULL,NULL,NULL,'approximation-algorithms','approxalgos'),(157,'2026-07-21 20:48:33.062',NULL,NULL,NULL,'quicksort','quicksort'),(158,'2026-07-21 20:48:33.062',NULL,NULL,NULL,'randomized-algorithms','randomalgos'),(159,'2026-07-21 20:48:33.062',NULL,NULL,NULL,'probability','probability'),(160,'2026-07-21 20:48:33.062',NULL,NULL,NULL,'kmp','kmp'),(161,'2026-07-21 20:48:33.062',NULL,NULL,NULL,'string-matching','stringmatching'),(162,'2026-07-21 20:48:33.062',NULL,NULL,NULL,'pattern-matching','patternmatching'),(163,'2026-07-21 20:48:33.062',NULL,NULL,NULL,'text-algorithms','textalgos'),(164,'2026-07-21 20:48:33.062',NULL,NULL,NULL,'max-flow','maxflow'),(165,'2026-07-21 20:48:33.062',NULL,NULL,NULL,'min-cut','mincut'),(166,'2026-07-21 20:48:33.062',NULL,NULL,NULL,'graph-theory','graphtheory'),(167,'2026-07-21 20:48:33.062',NULL,NULL,NULL,'ford-fulkerson','fordfulkerson'),(168,'2026-07-21 20:48:33.062',NULL,NULL,NULL,'network-flow','networkflow'),(169,'2026-07-21 20:48:33.062',NULL,NULL,NULL,'prim','prim'),(170,'2026-07-21 20:48:33.062',NULL,NULL,NULL,'minimum-spanning-tree','mst'),(171,'2026-07-21 20:48:33.062',NULL,NULL,NULL,'kruskal','kruskal'),(172,'2026-07-21 20:48:33.062',NULL,NULL,NULL,'bellman-ford','bellmanford'),(173,'2026-07-21 20:48:33.062',NULL,NULL,NULL,'shortest-path','shortestpath'),(174,'2026-07-21 20:48:33.062',NULL,NULL,NULL,'dijkstra','dijkstra'),(175,'2026-07-21 20:48:33.062',NULL,NULL,NULL,'strongly-connected-components','scc'),(176,'2026-07-21 20:48:33.062',NULL,NULL,NULL,'dfs','dfs'),(177,'2026-07-21 20:48:33.062',NULL,NULL,NULL,'topological-sort','toposort'),(178,'2026-07-21 20:48:33.062',NULL,NULL,NULL,'dag','dag'),(179,'2026-07-21 20:48:33.062',NULL,NULL,NULL,'bfs','bfs'),(180,'2026-07-21 20:48:33.062',NULL,NULL,NULL,'graph-algorithms','graphalgos'),(181,'2026-07-21 20:48:33.062',NULL,NULL,NULL,'greedy-algorithms','greedyalgos'),(182,'2026-07-21 20:48:33.062',NULL,NULL,NULL,'scheduling','scheduling'),(183,'2026-07-21 20:48:33.062',NULL,NULL,NULL,'correctness','correctness'),(184,'2026-07-21 20:48:33.062',NULL,NULL,NULL,'knapsack','knapsack'),(185,'2026-07-21 20:48:33.062',NULL,NULL,NULL,'dynamic-programming','dp'),(186,'2026-07-21 20:48:33.062',NULL,NULL,NULL,'master-theorem','mastertheorem'),(187,'2026-07-21 20:48:33.062',NULL,NULL,NULL,'recurrences','recurrences'),(188,'2026-07-21 20:48:33.062',NULL,NULL,NULL,'divide-and-conquer','divideconquer'),(189,'2026-07-21 20:48:33.062',NULL,NULL,NULL,'recurrence-relations','recurrencerel'),(190,'2026-07-21 20:48:33.062',NULL,NULL,NULL,'big-o','bigo'),(191,'2026-07-21 20:48:33.062',NULL,NULL,NULL,'asymptotic-analysis','asymptotic'),(192,'2026-07-21 20:48:33.062',NULL,NULL,NULL,'memory-management','memmanagement'),(193,'2026-07-21 20:48:33.062',NULL,NULL,NULL,'runtime','runtime'),(194,'2026-07-21 20:48:33.062',NULL,NULL,NULL,'garbage-collection','garbagecollect'),(195,'2026-07-21 20:48:33.062',NULL,NULL,NULL,'programming','programming'),(196,'2026-07-21 20:48:33.062',NULL,NULL,NULL,'typescript','ts'),(197,'2026-07-21 20:48:33.062',NULL,NULL,NULL,'javascript','js'),(198,'2026-07-21 20:48:33.062',NULL,NULL,NULL,'static-typing','statictyping'),(199,'2026-07-21 20:48:33.062',NULL,NULL,NULL,'programming-paradigms','proglangparadigms'),(200,'2026-07-21 20:48:33.062',NULL,NULL,NULL,'functional-programming','functionalprog'),(201,'2026-07-21 20:48:33.062',NULL,NULL,NULL,'oop','oop'),(202,'2026-07-21 20:48:33.062',NULL,NULL,NULL,'compiler','compiler'),(203,'2026-07-21 20:48:33.062',NULL,NULL,NULL,'interpreter','interpreter'),(204,'2026-07-21 20:48:33.062',NULL,NULL,NULL,'programming-languages','proglanguages'),(205,'2026-07-21 20:48:33.062',NULL,NULL,NULL,'compilers','compilers'),(206,'2026-07-21 20:48:33.062',NULL,NULL,NULL,'maintainability','maintainability'),(207,'2026-07-21 20:48:33.062',NULL,NULL,NULL,'software-quality','softwarequality'),(208,'2026-07-21 20:48:33.062',NULL,NULL,NULL,'clean-code','cleancode'),(209,'2026-07-21 20:48:33.062',NULL,NULL,NULL,'technical-debt','techdebt'),(210,'2026-07-21 20:48:33.062',NULL,NULL,NULL,'software-maintenance','softwaremaint'),(211,'2026-07-21 20:48:33.062',NULL,NULL,NULL,'engineering','engineering'),(212,'2026-07-21 20:48:33.062',NULL,NULL,NULL,'ci-cd','cicd'),(213,'2026-07-21 20:48:33.062',NULL,NULL,NULL,'devops','devops'),(214,'2026-07-21 20:48:33.062',NULL,NULL,NULL,'automation','automation'),(215,'2026-07-21 20:48:33.062',NULL,NULL,NULL,'git','git'),(216,'2026-07-21 20:48:33.062',NULL,NULL,NULL,'version-control','versioncontrol'),(217,'2026-07-21 20:48:33.062',NULL,NULL,NULL,'collaboration','collaboration'),(218,'2026-07-21 20:48:33.062',NULL,NULL,NULL,'tdd','tdd'),(219,'2026-07-21 20:48:33.062',NULL,NULL,NULL,'testing','testing'),(220,'2026-07-21 20:48:33.062',NULL,NULL,NULL,'software-development','softwaredev'),(221,'2026-07-21 20:48:33.062',NULL,NULL,NULL,'software-testing','softwaretesting'),(222,'2026-07-21 20:48:33.062',NULL,NULL,NULL,'integration-testing','integrationtest'),(223,'2026-07-21 20:48:33.062',NULL,NULL,NULL,'e2e-testing','e2etest'),(224,'2026-07-21 20:48:33.062',NULL,NULL,NULL,'unit-testing','unittest'),(225,'2026-07-21 20:48:33.062',NULL,NULL,NULL,'quality','quality'),(226,'2026-07-21 20:48:33.062',NULL,NULL,NULL,'software-architecture','softwarearch'),(227,'2026-07-21 20:48:33.062',NULL,NULL,NULL,'design','design'),(228,'2026-07-21 20:48:33.062',NULL,NULL,NULL,'scalability','scalability'),(229,'2026-07-21 20:48:33.062',NULL,NULL,NULL,'layered-architecture','layeredarch'),(230,'2026-07-21 20:48:33.062',NULL,NULL,NULL,'clean-architecture','cleanarch'),(231,'2026-07-21 20:48:33.062',NULL,NULL,NULL,'design-patterns','designpatterns'),(232,'2026-07-21 20:48:33.062',NULL,NULL,NULL,'software-design','softwaredesign'),(233,'2026-07-21 20:48:33.062',NULL,NULL,NULL,'architecture','architecture'),(234,'2026-07-21 20:48:33.062',NULL,NULL,NULL,'object-oriented-design','ood'),(235,'2026-07-21 20:48:33.062',NULL,NULL,NULL,'refactoring','refactoring'),(236,'2026-07-21 20:48:33.062',NULL,NULL,NULL,'legacy-code','legacycode'),(237,'2026-07-21 20:48:33.062',NULL,NULL,NULL,'readability','readability'),(238,'2026-07-21 20:48:33.062',NULL,NULL,NULL,'solid','solid'),(239,'2026-07-21 20:48:33.062',NULL,NULL,NULL,'requirements','requirements'),(240,'2026-07-21 20:48:33.062',NULL,NULL,NULL,'software-engineering','softwareeng'),(241,'2026-07-21 20:48:33.062',NULL,NULL,NULL,'analysis','analysis'),(242,'2026-07-21 20:48:33.062',NULL,NULL,NULL,'agile','agile'),(243,'2026-07-21 20:48:33.062',NULL,NULL,NULL,'scrum','scrum'),(244,'2026-07-21 20:48:33.062',NULL,NULL,NULL,'principles','principles'),(245,'2026-07-21 20:48:33.062',NULL,NULL,NULL,'sdlc','sdlc'),(246,'2026-07-21 20:48:33.062',NULL,NULL,NULL,'process','process'),(247,'2026-07-21 20:48:33.062',NULL,NULL,NULL,'machine-learning','ml'),(248,'2026-07-21 20:48:33.062',NULL,NULL,NULL,'data-pipeline','datapipeline'),(249,'2026-07-21 20:48:33.062',NULL,NULL,NULL,'model-training','modeltraining'),(250,'2026-07-21 20:48:33.062',NULL,NULL,NULL,'deployment','deployment'),(251,'2026-07-21 20:48:33.062',NULL,NULL,NULL,'model-evaluation','modeleval'),(252,'2026-07-21 20:48:33.062',NULL,NULL,NULL,'validation','validation'),(253,'2026-07-21 20:48:33.062',NULL,NULL,NULL,'metrics','metrics'),(254,'2026-07-21 20:48:33.062',NULL,NULL,NULL,'overfitting','overfitting'),(255,'2026-07-21 20:48:33.062',NULL,NULL,NULL,'underfitting','underfitting'),(256,'2026-07-21 20:48:33.062',NULL,NULL,NULL,'generalization','generalization'),(257,'2026-07-21 20:48:33.062',NULL,NULL,NULL,'backpropagation','backprop'),(258,'2026-07-21 20:48:33.062',NULL,NULL,NULL,'neural-networks','neuralnets'),(259,'2026-07-21 20:48:33.062',NULL,NULL,NULL,'deep-learning','dl'),(260,'2026-07-21 20:48:33.062',NULL,NULL,NULL,'gradient-descent','gradientdescent'),(261,'2026-07-21 20:48:33.062',NULL,NULL,NULL,'dimensionality-reduction','dimreduction'),(262,'2026-07-21 20:48:33.062',NULL,NULL,NULL,'pca','pca'),(263,'2026-07-21 20:48:33.062',NULL,NULL,NULL,'unsupervised-learning','unsupervised'),(264,'2026-07-21 20:48:33.062',NULL,NULL,NULL,'k-means','kmeans'),(265,'2026-07-21 20:48:33.062',NULL,NULL,NULL,'clustering','clustering'),(266,'2026-07-21 20:48:33.062',NULL,NULL,NULL,'decision-trees','decisiontrees'),(267,'2026-07-21 20:48:33.062',NULL,NULL,NULL,'random-forests','randomforests'),(268,'2026-07-21 20:48:33.062',NULL,NULL,NULL,'ensemble-learning','ensemble'),(269,'2026-07-21 20:48:33.062',NULL,NULL,NULL,'logistic-regression','logisticreg'),(270,'2026-07-21 20:48:33.062',NULL,NULL,NULL,'classification','classification'),(271,'2026-07-21 20:48:33.062',NULL,NULL,NULL,'linear-regression','linearreg'),(272,'2026-07-21 20:48:33.062',NULL,NULL,NULL,'statistics','statistics'),(273,'2026-07-21 20:48:33.062',NULL,NULL,NULL,'supervised-learning','supervised'),(274,'2026-07-21 20:48:33.062',NULL,NULL,NULL,'regression','regression'),(275,'2026-07-21 20:48:33.062',NULL,NULL,NULL,'reinforcement-learning','rl'),(276,'2026-07-21 20:48:33.062',NULL,NULL,NULL,'agents','agents'),(277,'2026-07-21 20:48:33.062',NULL,NULL,NULL,'rewards','rewards'),(278,'2026-07-21 20:48:33.062',NULL,NULL,NULL,'ai','ai'),(279,'2026-07-21 20:48:33.062',NULL,NULL,NULL,'data','data'),(280,'2026-07-21 20:48:33.062',NULL,NULL,NULL,'ai-planning','aiplanning'),(281,'2026-07-21 20:48:33.062',NULL,NULL,NULL,'decision-making','decisionmaking'),(282,'2026-07-21 20:48:33.062',NULL,NULL,NULL,'intelligent-agents','intelligentagents'),(283,'2026-07-21 20:48:33.062',NULL,NULL,NULL,'artificial-intelligence','artificialintelligence'),(284,'2026-07-21 20:48:33.062',NULL,NULL,NULL,'nlp','nlp'),(285,'2026-07-21 20:48:33.062',NULL,NULL,NULL,'natural-language-processing','naturallanguage'),(286,'2026-07-21 20:48:33.062',NULL,NULL,NULL,'language','language'),(287,'2026-07-21 20:48:33.062',NULL,NULL,NULL,'expert-systems','expertsystems'),(288,'2026-07-21 20:48:33.062',NULL,NULL,NULL,'rule-based-ai','rulebasedai'),(289,'2026-07-21 20:48:33.062',NULL,NULL,NULL,'inference','inference'),(290,'2026-07-21 20:48:33.062',NULL,NULL,NULL,'symbolic-ai','symbolicai'),(291,'2026-07-21 20:48:33.062',NULL,NULL,NULL,'knowledge-based-systems','knowledgebased'),(292,'2026-07-21 20:48:33.062',NULL,NULL,NULL,'logic','logic'),(293,'2026-07-21 20:48:33.062',NULL,NULL,NULL,'knowledge-representation','knowledgerep'),(294,'2026-07-21 20:48:33.062',NULL,NULL,NULL,'heuristic-search','heuristicsearch'),(295,'2026-07-21 20:48:33.062',NULL,NULL,NULL,'a-star','astar'),(296,'2026-07-21 20:48:33.062',NULL,NULL,NULL,'pathfinding','pathfinding'),(297,'2026-07-21 20:48:33.062',NULL,NULL,NULL,'search','search'),(298,'2026-07-21 20:48:33.062',NULL,NULL,NULL,'problem-solving','problemsolving'),(299,'2026-07-21 20:48:33.062',NULL,NULL,NULL,'agent-architecture','agentarch'),(300,'2026-07-21 20:48:33.062',NULL,NULL,NULL,'ai-history','aihistory'),(301,'2026-07-21 20:48:33.062',NULL,NULL,NULL,'computer-science','cs'),(302,'2026-07-21 20:48:33.062',NULL,NULL,NULL,'science','science'),(303,'2026-07-21 20:48:33.062',NULL,NULL,NULL,'research','research'),(304,'2026-07-21 20:48:33.062',NULL,NULL,NULL,'foundations','foundations'),(305,'2026-07-21 20:48:33.062',NULL,NULL,NULL,'formal-languages','formallanguages'),(306,'2026-07-21 20:48:33.062',NULL,NULL,NULL,'automata','automata'),(307,'2026-07-21 20:48:33.062',NULL,NULL,NULL,'theory','theory'),(308,'2026-07-21 20:48:33.062',NULL,NULL,NULL,'information-theory','informationtheory'),(309,'2026-07-21 20:48:33.062',NULL,NULL,NULL,'entropy','entropy'),(310,'2026-07-21 20:48:33.062',NULL,NULL,NULL,'mathematics','mathematics'),(311,'2026-07-21 20:48:33.062',NULL,NULL,NULL,'computer-architecture','computerarch'),(312,'2026-07-21 20:48:33.062',NULL,NULL,NULL,'von-neumann','vonneumann'),(313,'2026-07-21 20:48:33.062',NULL,NULL,NULL,'computation','computation');
/*!40000 ALTER TABLE `tags` ENABLE KEYS */;
UNLOCK TABLES;
/*!40103 SET TIME_ZONE=@OLD_TIME_ZONE */;

/*!40101 SET SQL_MODE=@OLD_SQL_MODE */;
/*!40014 SET FOREIGN_KEY_CHECKS=@OLD_FOREIGN_KEY_CHECKS */;
/*!40014 SET UNIQUE_CHECKS=@OLD_UNIQUE_CHECKS */;
/*!40101 SET CHARACTER_SET_CLIENT=@OLD_CHARACTER_SET_CLIENT */;
/*!40101 SET CHARACTER_SET_RESULTS=@OLD_CHARACTER_SET_RESULTS */;
/*!40101 SET COLLATION_CONNECTION=@OLD_COLLATION_CONNECTION */;
/*!40111 SET SQL_NOTES=@OLD_SQL_NOTES */;

-- Dump completed on 2026-07-22 23:32:19
